YEAR,PLAYER,POS,LANE AGILITY TIME (SECONDS),SHUTTLE RUN (SECONDS),THREE QUARTER SPRINT (SECONDS),STANDING VERTICAL LEAP (INCHES),MAX VERTICAL LEAP (INCHES)
2024,AJ Johnson,SG,10.76,2.87,3.15,29.0,38.0
2024,Adem Bona,C,11.01,3.01,3.15,35.0,40.0
2024,Ajay Mitchell,PG,11.12,2.95,3.11,28.0,33.5
2024,Alex Karaban,PF,11.23,-,3.20,22.5,32.0
2024,Alexandre Sarr,C,11.43,3.23,3.27,30.5,37.0
2024,Antonio Reeves,SG,11.44,3.16,3.14,29.0,36.0
2024,Ariel Hukporti,C,-,-,-,-,-
2024,Baylor Scheierman,SF,10.89,2.94,3.09,27.5,32.0
2024,Bobi Klintman,PF,11.49,3.21,3.23,26.5,32.5
2024,Boogie Ellis,PG-SG,11.98,3.33,3.19,31.5,39.5
2024,Bronny James,SG,10.96,3.02,3.09,32.0,40.5
2024,Cam Christie,SG,11.07,2.95,3.07,32.5,35.5
2024,Cam Spencer,SG,11.07,3.00,3.35,23.0,30.5
2024,Carlton Carrington,PG,11.28,2.99,3.16,28.5,36.5
2024,Cody Williams,SF,11.17,2.93,3.06,31.0,35.5
2024,Coleman Hawkins,PF,12.05,3.21,3.30,24.0,29.5
2024,DaRon Holmes II,C,11.20,3.03,3.25,27.5,34.0
2024,Dalton Knecht,SF,10.56,2.79,3.07,31.0,39.0
2024,David Jones,SF,11.08,3.30,3.20,28.0,34.5
2024,Devin Carter,SG,10.63,2.90,2.87,35.0,42.0
2024,Dillon Jones,SF,11.08,2.82,3.25,26.5,33.5
2024,Donovan Clingan,C,12.06,3.38,3.46,25.5,29.0
2024,Enrique Freeman,PF,10.99,3.04,3.26,30.5,35.0
2024,Harrison Ingram,SF,11.36,2.94,3.17,29.0,35.0
2024,Hunter Sallis,SG,10.82,3.16,3.11,29.5,36.0
2024,Isaac Jones,C,11.49,3.00,3.38,29.0,35.0
2024,Isaiah Collier,PG,10.77,2.90,3.04,30.0,34.0
2024,Izan Almansa,C,10.94,2.96,3.11,28.0,35.0
2024,JT Toppin,PF,11.12,3.01,3.27,28.5,34.0
2024,Ja'Kobe Walter,SG,11.00,2.92,3.04,30.5,38.5
2024,Jalen Bridges,SF,11.14,3.00,3.16,25.0,32.0
2024,Jamal Shead,PG,10.87,2.87,2.94,30.0,37.5
2024,Jamir Watkins,SF,10.64,3.16,3.01,30.5,35.5
2024,Jared McCain,SG,10.87,3.07,3.23,25.5,33.0
2024,Jaxson Robinson,SG,11.39,3.06,3.17,29.5,34.0
2024,Jaylen Wells,SF,11.28,3.03,3.08,27.5,36.0
2024,Jaylon Tyson,SF,11.13,3.06,3.12,29.5,36.5
2024,Jesse Edwards,C,11.24,3.23,3.33,30.5,35.5
2024,Johnny Furphy,SF,11.15,3.17,3.20,25.5,32.0
2024,Jonathan Mogbo,PF,11.14,3.07,3.02,31.5,37.5
2024,Juan Nunez,PG,11.47,3.10,3.41,22.0,29.0
2024,Justin Edwards,SF,12.07,3.22,3.18,28.0,32.5
2024,KJ Simpson,PG,10.49,2.98,3.24,32.5,40.5
2024,Kel'el Ware,C,10.97,2.91,3.29,32.5,36.0
2024,Keshad Johnson,PF,11.38,3.02,3.03,31.5,42.0
2024,Kevin McCullar Jr.,SF,-,-,-,-,-
2024,Kyle Filipowski,PF,11.43,2.93,3.19,27.0,32.5
2024,Kyshawn George,SF,11.90,2.91,3.32,27.0,32.0
2024,Mark Sears,PG,11.96,3.26,3.33,32.0,39.0
2024,Matas Buzelis,SF,10.73,2.90,3.09,31.0,38.0
2024,Melvin Ajinca,SF,11.78,3.00,3.38,26.5,31.0
2024,Michael Ajayi,SF,11.77,3.17,3.21,27.0,34.5
2024,N'Faly Dante,C,11.55,3.04,3.23,27.0,33.0
2024,Nae'Qwan Tomlin,PF,11.63,3.54,3.43,27.5,32.5
2024,Nikola Djurisic,SF,10.63,2.92,3.12,27.5,34.5
2024,Nikola Topic,PG,-,-,-,-,-
2024,Nique Clifford,SF,10.95,3.10,3.08,30.0,37.0
2024,Oso Ighodaro,C,11.25,3.12,3.09,35.0,39.5
2024,PJ Hall,C,11.76,3.01,3.35,32.5,39.5
2024,Pacome Dadiet,SF,11.84,2.94,3.21,29.0,36.0
2024,Payton Sandfort,SF,11.57,2.84,3.43,22.0,28.0
2024,Pelle Larsson,SG,11.15,2.91,3.06,30.5,38.0
2024,Quinten Post,C,11.48,3.03,3.40,24.0,27.0
2024,Reece Beekman,PG,10.86,3.08,2.94,30.0,36.5
2024,Reed Sheppard,PG,10.96,3.03,3.08,32.5,42.0
2024,Robert Dillingham,PG,-,-,-,-,-
2024,Ron Holland II,SF,11.10,2.91,3.10,30.0,38.0
2024,Ryan Dunn,PF,10.99,2.88,3.12,32.0,38.5
2024,Stephon Castle,SG,10.93,2.91,3.19,28.5,37.0
2024,Terrence Shannon Jr.,SF,-,-,-,-,-
2024,Tidjane Salaun,PF,11.45,3.05,3.37,27.5,32.0
2024,Trentyn Flowers,SF,11.01,3.00,3.13,34.5,42.0
2024,Trevon Brazile,PF,11.15,3.01,3.09,33.0,41.0
2024,Trey Alexander,SG,11.37,2.92,3.21,26.5,32.0
2024,Tristan Da Silva,PF,10.81,2.82,3.09,28.5,35.5
2024,Tristen Newton,PG,10.96,2.84,3.24,25.0,32.5
2024,Tyler Kolek,PG,10.97,3.08,3.27,27.0,34.0
2024,Tyler Smith,PF,10.74,2.99,3.28,32.0,38.0
2024,Tyon Grant-Foster,SF,-,-,-,-,-
2024,Ulrich Chomche,C,11.74,2.84,3.10,29.0,35.5
2024,Yves Missi,C,11.45,3.12,3.12,31.0,38.5
2024,Zaccharie Risacher,SF,11.51,2.97,3.38,25.0,31.0
2024,Zach Edey,C,11.19,3.01,3.42,26.0,31.5
2023,Adam Flagler,PG,10.96,-,3.24,31.0,36.0
2023,Adama Sanogo,C,11.50,-,3.31,28.5,31.0
2023,Adem Bona,C,-,-,-,-,-
2023,Amari Bailey,SG,11.34,-,3.19,28.5,35.0
2023,Amen Thompson,SG,-,-,-,-,-
2023,Andre Jackson Jr.,SF,10.83,-,3.14,30.5,39.5
2023,Anthony Black,PG,11.04,-,3.35,32.0,39.0
2023,Arthur Kaluma,PF,11.35,3.26,3.44,32.5,34.5
2023,Ausar Thompson,SG,-,-,-,-,-
2023,Azuolas Tubelis,PF,11.17,-,3.50,23.5,30.5
2023,Ben Sheppard,SG,10.88,2.98,3.17,29.5,35.5
2023,Bilal Coulibaly,SG-SF,-,-,-,-,-
2023,Bobi Klintman,PF,-,-,-,-,-
2023,Brandin Podziemski,SG,11.16,3.20,3.21,31.5,39.0
2023,Brandon Miller,SF,-,-,-,-,-
2023,Brice Sensabaugh,SF,-,-,-,-,-
2023,Cam Whitmore,SF,10.82,3.33,3.20,31.5,40.5
2023,Cason Wallace,PG,10.82,-,3.34,28.0,36.0
2023,Chris Livingston,SF,11.65,-,3.27,30.5,37.0
2023,Colby Jones,SG,11.14,3.13,3.33,30.5,35.0
2023,Coleman Hawkins,PF,12.14,-,3.37,26.5,32.5
2023,DaRon Holmes II,C,11.48,-,3.20,29.5,35.0
2023,Dariq Whitehead,SG,-,-,-,-,-
2023,Dereck Lively Jr.,C,-,-,-,-,-
2023,Dillon Mitchell,PF,10.92,-,3.32,29.0,37.0
2023,Drew Timme,C,10.93,-,3.34,26.0,30.5
2023,Emoni Bates,SF,11.54,-,3.49,27.0,32.5
2023,GG Jackson,PF,11.39,-,3.21,31.0,37.0
2023,Gradey Dick,SG,11.13,2.98,3.50,29.0,34.0
2023,Grant Nelson,PF,9.99,-,3.21,32.0,35.5
2023,Isaiah Wong,SG,10.93,-,3.22,32.5,37.0
2023,Jaime Jaquez Jr.,SF,11.21,-,3.33,34.5,39.0
2023,Jalen Hood-Schifino,PG,-,-,-,-,-
2023,Jalen Pickett,PG,11.91,3.41,3.35,28.5,33.0
2023,Jalen Slawson,PF,11.26,-,3.29,29.0,33.0
2023,Jalen Wilson,SF,11.26,3.15,3.20,31.5,35.0
2023,James Nnaji,C,-,-,-,-,-
2023,Jarace Walker,PF,10.89,-,3.20,34.5,38.0
2023,Jaylen Clark,SG,-,-,-,-,-
2023,Jett Howard,SF,-,-,-,-,-
2023,Jordan Hawkins,SG,-,-,-,-,-
2023,Jordan Miller,SF,11.43,3.21,3.17,32.0,36.5
2023,Jordan Walsh,SF,10.83,-,3.30,33.0,36.0
2023,Judah Mintz,PG,10.32,3.13,3.24,28.5,37.0
2023,Julian Phillips,SF,11.09,-,3.32,36.0,43.0
2023,Julian Strawther,SF,10.94,3.46,3.31,27.5,34.5
2023,Kevin McCullar,SF,-,-,-,-,-
2023,Keyontae Johnson,SF,-,-,-,-,-
2023,Keyonte George,SG,-,-,-,-,-
2023,Kobe Brown,PF,11.39,3.23,3.33,28.5,32.0
2023,Kobe Bufkin,SG,11.71,-,3.26,29.0,36.0
2023,Kris Murray,PF,11.11,-,3.30,29.5,35.0
2023,Leonard Miller,PF,11.00,-,3.33,32.0,37.5
2023,Marcus Sasser,PG,10.68,-,3.43,27.0,35.0
2023,Maxwell Lewis,SG,11.40,-,3.43,32.5,36.5
2023,Mike Miles Jr.,PG,11.01,3.24,3.11,33.0,37.0
2023,Mojave King,SG,11.07,-,3.18,33.5,42.0
2023,Mouhamed Gueye,C,-,-,-,-,-
2023,Nae'Qwan Tomlin,PF,-,-,-,-,-
2023,Nick Smith Jr.,SG,-,-,-,-,-
2023,Nikola Djurisic,SF,-,-,-,-,-
2023,Noah Clowney,PF,-,-,-,-,-
2023,Olivier-Maxence Prosper,PF,10.59,3.00,3.21,35.0,40.5
2023,Omari Moore,SG,10.80,-,3.22,29.0,35.5
2023,Oscar Tshiebwe,C,12.26,-,3.32,29.5,32.5
2023,Rayan Rupert,SF,11.18,-,3.43,27.5,32.5
2023,Reece Beekman,PG,10.99,3.33,3.14,30.5,38.0
2023,Ricky Council IV,SF,11.20,3.21,3.33,30.5,37.0
2023,Ryan Kalkbrenner,C,12.27,-,3.39,28.0,30.5
2023,Scoot Henderson,PG,-,-,-,-,-
2023,Seth Lundy,SF,11.02,-,3.15,31.5,35.5
2023,Sidy Cissoko,SF,11.24,-,3.31,30.5,35.5
2023,Taylor Hendricks,PF,11.27,-,3.32,32.5,36.0
2023,Terquavion Smith,SG,10.86,-,3.21,30.0,37.0
2023,Terrence Shannon Jr.,SF,10.36,-,3.06,32.0,37.5
2023,Toumani Camara,PF,10.70,3.19,3.41,28.5,33.0
2023,Trayce Jackson-Davis,C,11.80,3.23,3.20,33.0,36.5
2023,Trey Alexander,SG,11.60,-,3.35,29.5,34.0
2023,Tristan Vukcevic,C,11.71,3.16,3.43,26.0,30.5
2023,Victor Wembanyama,C,-,-,-,-,-
2023,Zach Edey,C,11.37,-,3.45,26.0,29.5
2022,AJ Griffin,SF,-,-,-,-,-
2022,Alondes Williams,SG,10.96,3.11,3.15,30.0,35.5
2022,Aminu Mohammed,SG-SF,11.54,3.04,3.33,29.5,36.0
2022,Andrew Nembhard,PG,10.46,3.02,3.26,26.5,35.0
2022,Bennedict Mathurin,SG,-,-,-,-,-
2022,Blake Wesley,SG,11.55,3.25,3.21,30.0,36.0
2022,Bryce McGowens,SG,11.12,3.16,3.27,29.5,34.0
2022,Bryson Williams,PF-C,-,-,-,-,-
2022,Chet Holmgren,PF,-,-,-,-,-
2022,Christian Braun,SG,11.00,3.13,3.16,33.5,40.0
2022,Christian Koloko,C,11.30,3.19,3.27,28.0,33.5
2022,Collin Gillespie,PG,10.95,3.01,3.21,26.5,33.0
2022,Dalen Terry,SG,-,-,-,-,-
2022,Darius Days,SF-PF,-,-,-,-,-
2022,David Roddy,PF,10.75,3.10,3.22,27.0,35.5
2022,Dereon Seabron,SG,11.03,3.04,3.12,30.5,38.0
2022,Dominick Barlow,PF,11.29,3.19,3.33,28.5,34.0
2022,Drew Timme,C,11.71,3.31,3.38,25.5,31.5
2022,Dyson Daniels,SG,10.81,2.81,3.22,29.0,34.0
2022,E.J. Liddell,PF,11.11,3.23,3.26,35.5,38.0
2022,Fanbo Zeng,SF-PF,-,-,-,-,-
2022,Gabriele Procida,SG-SF,11.02,3.14,3.07,29.5,35.0
2022,Harrison Ingram,SF,11.83,3.26,3.31,29.5,35.0
2022,Hugo Besson,SG,11.36,3.25,3.40,24.5,31.5
2022,Ismael Kamagate,PF,-,-,-,-,-
2022,Iverson Molinar,PG,11.23,3.10,3.19,31.0,38.0
2022,JD Davison,PG,11.38,3.23,3.26,30.0,37.0
2022,Jabari Smith,PF,-,-,-,-,-
2022,Jabari Walker,PF,11.53,3.12,3.24,29.5,32.5
2022,Jaden Hardy,SG,-,-,-,-,-
2022,Jaden Ivey,PG,-,-,-,-,-
2022,Jake LaRavia,PF,10.58,2.89,3.37,27.5,34.0
2022,Jalen Duren,C,-,-,-,-,-
2022,Jalen Williams,SG,11.13,3.17,3.11,33.5,39.0
2022,Jalen Wilson,SF-PF,-,-,-,-,-
2022,Jared Rhoden,SG-SF,-,-,-,-,-
2022,Jaylin Williams,C,11.64,3.10,3.50,24.5,30.0
2022,Jean Montero,PG,11.19,3.17,3.17,29.5,37.0
2022,Jeremy Sochan,PF,-,-,-,-,-
2022,John Butler Jr.,PF,11.16,3.04,3.33,26.5,28.5
2022,Johnny Davis,PG,-,-,-,-,-
2022,Johnny Juzang,SG,11.03,3.17,3.29,27.5,32.5
2022,Josh Minnott,PF,-,-,-,-,-
2022,Julian Champagnie,SF,11.39,3.04,3.14,28.5,34.5
2022,Julian Strawther,SF,10.30,3.37,3.26,28.5,35.0
2022,Justin Lewis,PF,11.49,3.02,3.23,32.5,35.0
2022,Keegan Murray,PF,-,-,-,-,-
2022,Kendall Brown,SF,11.57,3.05,3.29,31.5,41.0
2022,Kennedy Chandler,PG,10.73,2.89,-,31.0,41.5
2022,Kenneth Lofton Jr.,PF-C,-,-,-,-,-
2022,Keon Ellis,SG,10.87,3.02,3.18,28.0,35.5
2022,Khalifa Diop,C,-,-,-,-,-
2022,Kofi Cockburn,C,12.11,3.31,3.33,29.5,32.5
2022,Leonard Miller,SF,11.11,3.02,3.36,30.0,36.5
2022,Malaki Branham,SG,11.38,3.09,3.17,29.0,35.0
2022,MarJon Beauchamp,SG,-,-,-,-,-
2022,Marcus Sasser,PG,-,-,-,-,-
2022,Mark Williams,C,-,-,-,-,-
2022,Matteo Spagnolo,PG,11.42,3.16,3.40,25.5,31.5
2022,Matthew Mayer,SF,10.74,-,3.39,25.5,31.5
2022,Max Christie,SG,10.82,3.02,3.07,32.0,37.5
2022,Michael Foster Jr.,C,11.49,3.10,3.22,28.0,32.5
2022,Moussa Diabate,C,11.16,2.90,3.26,29.0,36.5
2022,Nikola Jovic,SF,-,-,-,-,-
2022,Ochai Agbaji,SG,10.77,3.11,3.13,32.0,39.0
2022,Orlando Robinson,C,11.40,3.23,3.55,23.0,27.5
2022,Ousmane Dieng,SF,-,-,-,-,-
2022,Paolo Banchero,PF,-,-,-,-,-
2022,Patrick Baldwin Jr.,SF,12.25,3.30,3.45,23.5,26.5
2022,Peyton Watson,SF,11.03,3.24,3.28,28.0,33.5
2022,Ron Harper Jr.,SF,11.41,3.24,3.40,26.0,30.5
2022,Ryan Rollins,SG,11.26,3.28,3.07,30.5,36.5
2022,Scotty Pippen Jr.,PG,11.07,3.10,3.21,30.5,37.5
2022,Shaedon Sharpe,SG,-,-,-,-,-
2022,Tari Eason,PF,-,-,-,-,-
2022,Terquavion Smith,SG,10.63,3.03,3.14,30.5,38.5
2022,Trayce Jackson-Davis,C,-,-,-,-,-
2022,Trevion Williams,C,12.75,3.46,3.48,27.5,30.0
2022,Trevor Keels,SG,11.33,3.32,3.27,24.5,31.0
2022,TyTy Washington Jr.,SG,-,-,-,-,-
2022,Tyrese Martin,SG-SF,-,-,-,-,-
2022,Walker Kessler,C,-,-,-,-,-
2022,Wendell Moore,SG,10.94,3.21,3.30,32.5,38.5
2021,AJ Lawson,SG-SF,11.00,3.01,2.98,33.0,41.0
2021,Aaron Henry,SF,11.68,3.18,3.07,29.0,35.0
2021,Aaron Wiggins,SG-SF,11.20,3.00,3.04,29.5,36.0
2021,Ariel Hukporti,C,12.20,3.53,3.12,24.5,31.0
2021,Austin Reaves,SG,10.94,3.19,3.07,25.0,35.0
2021,Ayo Dosunmu,SG,11.51,3.27,3.23,27.0,33.5
2021,Brandon Boston Jr.,SF,-,-,-,-,-
2021,Cade Cunningham,PG,-,-,-,-,-
2021,Cam Thomas,SG,-,-,-,-,-
2021,Carlik Jones,PG,10.96,3.23,3.16,31.5,36.0
2021,Charles Bassey,C,12.19,3.33,3.13,33.0,36.0
2021,Corey Kispert,SF,10.91,2.99,3.12,30.0,37.5
2021,DJ Steward,PG,11.14,3.10,3.08,34.5,38.5
2021,Daishen Nix,PG,11.72,3.18,3.00,29.5,36.5
2021,David Duke Jr.,SG,11.21,3.19,3.08,30.0,39.0
2021,David Johnson,SG,12.02,3.20,3.03,33.0,39.0
2021,Davion Mitchell,PG,-,-,-,-,-
2021,Day'Ron Sharpe,C,-,-,-,-,-
2021,Duane Washington Jr.,SG,11.50,3.06,3.17,29.5,35.5
2021,Evan Mobley,PF,-,-,-,-,-
2021,Greg Brown III,PF,10.98,2.98,3.19,33.5,39.0
2021,Herbert Jones,SF,11.02,3.17,3.25,28.5,36.5
2021,Isaiah Jackson,C,-,-,-,-,-
2021,Isaiah Livers,SF,-,-,-,-,-
2021,Isaiah Mobley,PF,12.70,3.50,3.30,26.5,32.0
2021,Isaiah Todd,PF,11.38,3.25,3.31,28.5,35.5
2021,JT Thor,PF,12.19,3.08,3.06,31.5,35.0
2021,Jaden Springer,SG,11.46,3.10,3.13,34.5,41.5
2021,Jalen Green,SG,-,-,-,-,-
2021,Jalen Johnson,PF,-,-,-,-,-
2021,James Bouknight,SG,-,-,-,-,-
2021,Jared Butler,PG,-,-,-,-,-
2021,Jason Preston,PG,10.82,3.08,3.13,30.5,38.5
2021,Jeremiah Robinson-Earl,PF,11.64,3.15,3.29,27.0,32.0
2021,Jericho Sims,C,11.59,3.38,3.05,37.0,44.5
2021,Joe Wieskamp,SF,10.70,3.18,3.04,30.0,42.0
2021,John Petty Jr.,SG,11.51,3.17,3.35,27.5,34.0
2021,Johnny Juzang,SG,11.13,3.08,3.13,31.0,36.5
2021,Jonathan Kuminga,SF,-,-,-,-,-
2021,Josh Christopher,SG,11.32,3.30,3.14,29.5,37.5
2021,Joshua Primo,SG,10.97,3.36,3.22,30.5,37.5
2021,Julian Champagnie,SF,12.38,3.20,3.20,26.0,32.0
2021,Justin Champagnie,PF,11.94,3.14,3.34,27.0,35.0
2021,Kai Jones,PF,-,-,-,-,-
2021,Keon Johnson,SG,11.45,3.20,3.00,41.5,48.0
2021,Kessler Edwards,PF,11.30,3.38,3.25,28.0,37.0
2021,Luka Garza,C,11.90,3.38,3.51,24.0,29.5
2021,Makur Maker,C,11.87,3.28,3.34,25.5,31.0
2021,Marcus Bagley,SF,12.26,3.10,3.17,32.5,38.5
2021,Marcus Zegarowski,PG,11.47,3.26,3.11,30.0,35.5
2021,Matt Hurt,PF,11.44,3.25,3.34,25.5,32.5
2021,Matthew Mayer,PF,-,-,-,-,-
2021,Max Abmas,PG,10.90,3.49,3.12,28.5,32.5
2021,McKinley Wright IV,PG,10.76,3.12,3.08,31.5,38.0
2021,Miles McBride,PG,11.08,3.13,3.10,31.0,38.5
2021,Moses Moody,SG,-,-,-,-,-
2021,Moses Wright,PF,11.20,3.42,3.15,31.5,38.0
2021,Nah'Shon Hyland,SG,10.53,3.17,3.10,26.5,34.0
2021,Neemias Queta,C,11.85,3.50,3.29,27.0,33.0
2021,Ochai Agbaji,SG,10.88,3.10,3.13,32.0,41.5
2021,Quentin Grimes,SG,11.09,3.33,3.07,30.5,38.5
2021,RaiQuan Gray,PF,11.69,3.30,3.25,26.5,31.5
2021,Roko Prkacin,PF,-,-,-,-,-
2021,Sam Hauser,SF,11.14,3.07,3.34,28.5,34.5
2021,Sandro Mamukelashvili,C,11.63,3.30,3.21,30.5,36.5
2021,Scottie Barnes,SF,10.88,2.99,3.15,36.0,39.5
2021,Scottie Lewis,SF,10.45,3.03,2.98,34.0,42.0
2021,Sharife Cooper,PG,-,-,-,-,-
2021,Terrence Shannon Jr.,SF,11.51,3.12,3.21,32.5,39.5
2021,Tre Mann,PG,-,-,-,-,-
2021,Trendon Watford,PF,11.69,3.23,3.27,28.0,35.0
2021,Trey Murphy III,SF,11.65,3.32,3.14,34.0,38.0
2021,Yves Pons,PF,10.89,3.05,3.10,36.0,42.5
2021,Ziaire Williams,SF,10.69,3.04,3.12,34.0,39.5
2020,Ashton Hagans,PG,10.82,2.50,3.13,29.5,36.5
2020,CJ Elleby,SG-SF,11.25,2.63,3.25,30.5,36.5
2020,Cassius Stanley,SG,11.40,2.43,3.09,34.5,44.0
2020,Cassius Winston,PG,11.15,2.74,3.61,24.0,28.0
2020,Devon Dotson,PG,10.44,2.22,3.02,31.5,40.5
2020,Elijah Hughes,SF-SG,-,-,-,-,-
2020,Grant Riller,PG-SG,11.17,2.45,3.07,32.5,39.5
2020,Immanuel Quickley,SG,11.21,2.46,3.17,29.5,35.5
2020,Isaiah Joe,SG,-,-,-,-,-
2020,Isaiah Stewart,C,-,-,-,-,-
2020,Jahmi'us Ramsey,SG,-,-,-,-,-
2020,Jalen Harris,SG,10.59,2.49,3.11,37.5,42.5
2020,Jalen Smith,PF-C,-,-,-,-,-
2020,Jayden Scrubb,SG-SF,-,-,-,-,-
2020,Jordan Nwora,SF-PF,11.29,2.66,3.43,29.0,35.0
2020,Josh Green,SG-SF,10.64,2.28,3.12,30.5,39.5
2020,Joshua Hall,SF,12.16,2.62,3.38,31.5,37.5
2020,Kahlil Whitney,SF,11.17,2.61,3.28,29.0,39.0
2020,Kaleb Wesson,C,11.73,2.64,3.60,21.5,27.0
2020,Karim Mane,PG-SG,11.52,2.64,3.04,31.0,36.0
2020,Kenyon Martin Jr.,SF-PF,11.93,2.58,3.16,31.5,38.5
2020,Killian Tillie,PF,11.60,2.62,3.40,27.5,32.0
2020,Lamar Stevens,SF-PF,10.35,2.54,3.20,35.0,41.0
2020,Mamadi Diakite,PF,11.95,2.71,3.16,28.0,37.0
2020,Markus Howard,PG,11.21,3.17,3.11,30.5,35.5
2020,Mason Jones,SG,10.60,2.49,3.33,24.0,31.0
2020,Myles Powell,PG-SG,-,-,-,-,-
2020,Naji Marshall,SF,11.77,2.90,3.37,28.5,35.0
2020,Nathan Knight,PF-C,11.56,2.96,3.31,23.0,31.5
2020,Nick Richards,C,11.42,2.92,3.25,30.0,34.0
2020,Paul Eboua,SF-PF,10.79,2.44,3.19,33.0,35.5
2020,Paul Reed Jr.,PF,12.29,2.67,3.45,26.5,37.5
2020,Precious Achiuwa,PF,-,-,-,-,-
2020,Reggie Perry,PF-C,11.26,2.57,3.25,30.0,33.5
2020,Robert Woodard II,SF,11.10,2.49,3.18,32.0,38.0
2020,Skylar Mays,SG,10.65,2.40,3.30,29.0,37.5
2020,Theo Maledon,PG,-,-,-,-,-
2020,Trent Forrest,PG,11.04,2.50,3.18,28.0,34.5
2020,Ty-Shon Alexander,SG,11.33,2.47,3.26,28.0,33.0
2020,Tyler Bey,PF,11.35,2.75,3.17,37.0,43.5
2020,Tyrell Terry,PG,10.78,2.59,3.28,30.0,34.0
2020,Udoka Azubuike,C,11.82,3.61,3.23,37.0,41.0
2020,Xavier Tillman Sr.,PF-C,11.80,3.01,3.49,26.0,32.5
2020,Yoeli Childs,PF,10.87,2.42,3.22,34.0,38.5
2020,Zeke Nnaji,PF-C,10.94,2.72,3.20,33.0,38.0
2019,Admiral Schofield,SF,10.77,2.87,3.37,30.0,34.0
2019,Bol Bol,C,-,-,-,-,-
2019,Brandon Clarke,SF,10.61,3.05,3.15,34.0,40.5
2019,Brian Bowen II,SF,10.98,3.21,3.26,32.0,35.5
2019,Bruno Fernando,C,11.29,3.05,3.21,29.5,33.5
2019,Cameron Johnson,SG,10.52,3.28,3.26,30.5,36.5
2019,Cameron Reddish,SF,-,-,-,-,-
2019,Carsen Edwards,PG,10.53,2.82,3.22,28.5,34.0
2019,Charles Bassey,C,12.65,3.27,3.53,29.0,33.0
2019,Charles Matthews,SG,11.26,3.24,3.38,29.5,37.5
2019,Chuma Okeke,,-,-,-,-,-
2019,Coby White,PG,-,-,-,-,-
2019,Cody Martin,PG-SG,10.44,2.99,3.32,28.0,35.5
2019,DaQuan Jeffries,SF-PF,-,-,-,-,-
2019,Daniel Gafford,PF,11.61,3.19,3.25,32.5,36.5
2019,Darius Bazley,PF,11.09,2.95,3.27,30.5,37.0
2019,Darius Garland,PG,-,-,-,-,-
2019,De'Andre Hunter,,-,-,-,-,-
2019,Dedric Lawson,PF,11.80,3.54,3.60,23.5,26.0
2019,Devon Dotson,PG,10.63,2.80,3.04,30.0,38.5
2019,Dewan Hernandez,C,11.46,3.25,3.28,30.5,35.5
2019,Dylan Windler,SF,10.70,2.94,3.30,29.0,37.5
2019,Eric Paschall,SF,11.63,3.26,3.30,33.0,38.0
2019,Grant Williams,PF,10.83,3.27,3.33,26.0,31.5
2019,Ignas Brazdeikis,SF,11.06,3.17,3.36,31.0,36.5
2019,Isaiah Roby,PF,10.63,3.05,3.25,32.5,35.5
2019,Ja Morant,PG,-,-,-,-,-
2019,Jalen Hoard,PF,11.44,3.32,3.34,27.5,35.5
2019,Jalen Lecque,PG,11.09,3.30,3.29,35.0,43.0
2019,Jalen McDaniels,SF,11.54,3.23,3.32,29.5,33.5
2019,Jared Harper,PG,10.77,3.02,3.04,33.5,40.5
2019,Jarrett Culver,SG,-,-,-,-,-
2019,Jaxson Hayes,PF,11.74,3.23,3.37,27.0,34.5
2019,Jaylen Hands,PG,10.73,3.03,3.12,33.0,41.5
2019,Jaylen Nowell,SG,10.76,3.13,3.23,32.0,38.5
2019,Jontay Porter,PF,-,-,-,-,-
2019,Jordan Bone,SG,9.97,2.78,3.08,36.0,42.5
2019,Jordan Nwora,PF,-,-,-,-,-
2019,Jordan Poole,SG,10.59,3.14,3.27,28.0,35.5
2019,KZ Okpala,SF,10.88,3.13,3.38,30.5,37.0
2019,Keldon Johnson,SG,-,-,-,-,-
2019,Kevin Porter Jr.,SG,10.82,3.03,3.14,27.0,34.0
2019,Killian Tillie,,-,-,-,-,-
2019,Kris Wilkes,SF,10.39,3.09,3.34,27.5,35.0
2019,Ky Bowman,PG,11.11,3.11,3.26,27.5,33.0
2019,Kyle Guy,SG,10.48,3.07,3.27,30.5,36.5
2019,Louis King,SF,10.99,3.05,3.28,29.0,33.0
2019,Luguentz Dort,PG,10.79,3.13,3.22,32.5,38.0
2019,Luka Samanic,PF,11.01,3.03,3.27,27.0,38.0
2019,Marial Shayok,SF-PF,11.16,3.04,3.37,29.5,36.5
2019,Mfiondu Kabengele,PF,11.21,3.30,3.25,28.0,35.5
2019,Miye Oni,SG,11.71,3.12,3.17,30.5,38.5
2019,Moses Brown,C,11.95,3.30,3.51,27.0,31.0
2019,Nassir Little,SF,12.15,3.10,3.24,31.0,38.5
2019,Naz Reid,PF,12.03,3.76,3.42,26.0,32.5
2019,Neemias Queta,C,12.04,3.45,3.73,24.0,32.5
2019,Nickeil Alexander-Walker,SG,-,-,-,-,-
2019,Nicolas Claxton,C,11.26,3.47,3.36,31.5,36.5
2019,O'Shae Brissett,SF-PF,11.30,3.18,3.48,34.0,37.5
2019,P.J. Washington,PF,-,-,-,-,-
2019,Quentin Grimes,SG,10.83,3.28,3.20,27.5,36.0
2019,Quinndary Weatherspoon,SG,11.57,3.15,3.16,31.0,38.0
2019,RJ Barrett,SF,-,-,-,-,-
2019,Reggie Perry,SF-PF,12.46,3.40,3.30,28.5,31.5
2019,Romeo Langford,SG,-,-,-,-,-
2019,Shamorie Ponds,PG,11.01,3.07,3.20,29.0,37.0
2019,Simisola Shittu,PF,11.85,3.24,3.30,27.0,35.5
2019,Tacko Fall,C,13.01,3.46,3.78,22.0,26.5
2019,Talen Horton-Tucker,SG,11.34,3.43,3.34,26.0,34.5
2019,Terance Mann,SG-SF,11.51,3.14,3.30,32.5,38.5
2019,Terence Davis,SG,10.69,2.96,3.28,29.5,34.0
2019,Tremont Waters,PG,10.76,3.11,3.07,30.5,40.5
2019,Ty Jerome,PG,11.21,3.12,3.40,26.0,31.5
2019,Tyler Cook,PF,11.32,3.10,3.28,27.5,32.0
2019,Tyler Herro,SG,-,-,-,-,-
2019,Zach Norvell Jr.,SG,11.60,3.34,3.43,24.0,30.0
2019,Zion Williamson,PF,-,-,-,-,-
2018,Aaron Holiday,PG,10.96,3.22,3.27,25.5,33.0
2018,Alize Johnson,PF,11.83,3.28,3.38,25.0,31.0
2018,Allonzo Trier,SG,11.02,2.97,3.14,32.0,40.0
2018,Anfernee Simons,SG-PG,11.27,3.16,3.10,32.0,41.5
2018,Austin Wiley,C,12.79,3.27,3.30,28.0,33.5
2018,Billy Preston,PF,11.26,3.35,3.20,25.0,33.0
2018,Brandon McCoy,C,11.77,3.31,3.23,27.5,32.0
2018,Brian Bowen,SG-SF,11.58,3.33,3.28,30.5,34.0
2018,Bruce Brown,SG-PG,11.11,3.44,3.20,32.5,38.0
2018,Bruno Fernando,C,12.19,3.03,3.23,29.0,35.0
2018,Caleb Martin,SF-SG,10.43,2.75,3.26,29.0,36.5
2018,Carsen Edwards,PG,11.59,3.15,3.20,28.5,34.5
2018,Chimezie Metu,PF-C,11.89,3.25,3.33,29.5,36.0
2018,Cody Martin,SG-SF,10.64,3.05,3.09,29.0,36.5
2018,Collin Sexton,PG,-,-,-,-,-
2018,DeAnthony Melton,SG-PG,11.48,3.33,3.23,31.0,36.5
2018,Devon Hall,SG,10.95,3.16,3.27,25.0,31.0
2018,Devonte Graham,PG,11.28,3.15,3.21,31.0,37.0
2018,Donte DiVincenzo,SG,10.72,3.12,3.11,34.5,42.0
2018,Gary Trent,SG,11.37,2.99,3.12,33.5,39.5
2018,George King,SF-SG,10.75,3.08,3.29,31.0,39.0
2018,Grayson Allen,SG,10.31,3.04,3.15,32.5,40.5
2018,Hamidou Diallo,SG,10.53,3.14,3.10,32.5,40.5
2018,Isaac Haas,C,-,-,-,-,-
2018,Jacob Evans,SG-SF,11.11,3.14,3.20,28.0,35.5
2018,Jalen Brunson,PG,10.59,3.11,3.15,29.0,37.0
2018,Jaren Jackson,PF-C,-,-,-,-,-
2018,Jaylen Barford,PG-SG,11.39,3.21,3.31,27.0,33.0
2018,Jaylen Hands,PG,12.11,3.16,3.13,31.5,39.5
2018,Jerome Robinson,SG,-,-,-,-,-
2018,Jevon Carter,PG,11.04,3.05,3.18,29.0,36.5
2018,Jontay Porter,C-PF,11.90,3.07,3.40,25.5,31.0
2018,Josh Okogie,SG,11.08,3.03,3.04,33.0,42.0
2018,Justin Jackson,PF,-,-,-,-,-
2018,Keenan Evans,PG,-,-,-,-,-
2018,Keita Bates-Diop,SG-SF,11.20,3.28,3.17,30.5,35.0
2018,Kenrich Williams,SF,10.86,3.28,3.19,28.0,33.0
2018,Kevin Hervey,PF,11.28,3.15,3.36,27.5,32.0
2018,Kevin Huerter,SG,10.89,2.97,3.09,31.0,38.0
2018,Kevin Knox,SF,-,-,-,-,-
2018,Khyri Thomas,SG,10.96,3.18,3.18,30.0,35.0
2018,Kostas Antetokounmpo,PF,12.48,3.48,3.21,29.5,35.0
2018,Kris Wilkes,SF,11.29,3.16,3.24,28.0,35.5
2018,Landry Shamet,PG,11.26,3.21,3.11,31.0,39.5
2018,Lonnie Walker,SG,10.87,2.91,3.06,31.5,40.0
2018,Malik Newman,SG,10.90,3.18,3.13,27.5,33.5
2018,Melvin Frazier,SF-SG,11.24,3.08,3.08,31.0,40.5
2018,Michael Porter,SF-PF,-,-,-,-,-
2018,Miles Bridges,SF,-,-,-,-,-
2018,Mohamed Bamba,C,-,-,-,-,-
2018,Moritz Wagner,C-PF,11.48,3.07,3.18,27.0,34.0
2018,Omari Spellman,PF-C,12.28,3.35,3.38,28.5,35.5
2018,PJ Washington,PF,11.39,3.43,3.20,27.0,34.0
2018,Rawle Alkins,SG,11.50,3.09,3.15,32.5,40.5
2018,Ray Spalding,PF,11.48,3.20,3.34,26.0,32.0
2018,Sagaba Konate,C,12.28,3.36,3.28,31.5,35.0
2018,Shai Gilgeous-Alexander,PG,-,-,-,-,-
2018,Shake Milton,SG-PG,11.07,3.19,3.25,30.0,33.0
2018,Sviatoslav Mykhailiuk,SG-SF,11.25,3.18,3.15,30.5,37.0
2018,Theo Pinson,SG-SF,11.53,3.11,3.22,27.0,34.0
2018,Tony Carr,PG,11.89,3.40,3.17,25.0,31.5
2018,Trae Young,PG,-,-,-,-,-
2018,Trevon Duval,PG,10.93,3.09,3.18,34.0,41.5
2018,Troy Brown,SF,11.51,3.29,3.33,26.0,33.0
2018,Tyus Battle,SG,11.04,2.87,3.07,32.0,37.5
2018,Udoka Azubuike,C,12.97,3.65,3.12,31.0,31.5
2018,Wendell Carter,C-PF,-,-,-,-,-
2018,Yante Maten,PF-C,11.35,3.13,3.17,27.0,31.5
2018,Zhaire Smith,SF-SG,11.02,3.15,3.05,33.0,41.5
2017,Alec Peters,PF,-,-,-,-,-
2017,Caleb Swanigan,PF,-,-,-,-,-
2017,Cameron Oliver,PF,12.17,3.31,3.16,28.0,39.5
2017,Chris Boucher,PF,-,-,-,-,-
2017,D.J. Wilson,PF,-,-,-,-,-
2017,Damyean Dotson,SG-SF,11.18,3.03,3.13,31.5,38.0
2017,Davon Reed,SG-SF,11.37,3.21,3.34,28.5,36.0
2017,De?Aaron Fox,PG,-,-,-,-,-
2017,Derrick Walton Jr.,PG,11.28,3.12,3.29,26.0,32.5
2017,Derrick White,PG,10.84,2.92,3.08,31.0,36.5
2017,Devin Robinson,SF,12.85,3.61,3.23,35.5,41.5
2017,Dillon Brooks,SG-SF,11.14,3.24,3.21,31.0,37.5
2017,Donovan Mitchell,SG,11.53,3.07,3.01,36.5,40.5
2017,Dwayne Bacon,SG-SF,11.70,3.22,3.22,30.0,36.5
2017,Edmond Sumner,PG,-,-,-,-,-
2017,Edrice Adebayo,PF-C,11.94,3.24,3.24,33.5,38.5
2017,Frank Jackson,PG,10.94,2.70,3.14,34.5,42.0
2017,Frank Mason III,PG,11.41,3.09,3.18,34.0,41.0
2017,Hamidou Diallo,SG-SF,10.88,2.79,3.11,34.5,44.5
2017,Harry Giles,PF,11.08,3.00,3.34,27.0,32.5
2017,Ike Anigbogu,C,12.52,3.48,3.44,29.5,32.5
2017,Isaiah Briscoe,PG,10.95,2.85,3.38,28.0,33.5
2017,Isaiah Hicks,PF,12.31,3.31,3.36,31.5,37.0
2017,Ivan Rabb,PF,12.68,3.23,3.35,28.5,32.5
2017,Jamel Artis,SG-SF,11.62,3.08,3.44,23.5,31.0
2017,Jaron Blossomgame,SF,11.47,3.35,3.17,31.0,35.5
2017,Jarrett Allen,C,11.82,3.00,3.21,31.5,35.5
2017,Jawun Evans,PG,11.34,3.26,3.21,27.5,33.5
2017,John Collins,PF,11.66,3.27,3.27,33.0,37.5
2017,Johnathan Motley,PF,-,-,-,-,-
2017,Jordan Bell,PF,10.63,2.83,3.21,31.5,38.0
2017,Josh Hart,SG-SF,11.15,3.02,3.18,27.5,35.5
2017,Justin Jackson (UMD),SF,11.78,3.08,3.43,26.5,31.5
2017,Justin Jackson (UNC),SF,10.80,3.06,3.30,29.5,35.5
2017,Justin Patton,C,11.80,3.31,3.46,26.0,30.5
2017,Kadeem Allen,PG,11.24,2.98,3.15,33.0,35.5
2017,Kennedy Meeks,C,12.91,3.35,3.50,28.0,30.5
2017,Kobi Simmons,PG,11.15,2.98,3.18,30.5,38.5
2017,Kyle Kuzma,SF-SG,10.72,2.98,3.25,27.0,34.0
2017,Luke Kennard,SG-SF,-,-,-,-,-
2017,Markelle Fultz,PG,-,-,-,-,-
2017,Melo Trimble,PG,10.75,2.92,3.27,24.5,32.0
2017,Monte Morris,PG,11.00,3.20,3.19,28.0,33.5
2017,Moritz Wagner,PF,12.00,2.98,3.35,25.5,32.5
2017,Nigel Hayes,PF,11.81,2.94,3.27,29.0,33.5
2017,Nigel Williams-Goss,PG,10.42,3.08,3.19,27.5,34.5
2017,OG Anunoby,SF,-,-,-,-,-
2017,Omer Yurtseven,C,12.85,3.30,3.45,26.0,31.5
2017,PJ Dozier,SG,10.84,2.98,3.15,34.0,39.0
2017,Peter Jok,SG-SF,11.34,2.93,3.41,26.5,31.0
2017,Rawle Alkins,SG-SF,11.99,3.18,3.30,31.5,40.5
2017,Semi Ojeleye,SF-SG,10.58,3.07,3.16,35.0,40.5
2017,Sindarius Thornwell,SG-SF,11.48,3.03,3.36,27.0,30.5
2017,Svi Mykhailiuk,SG-SF,12.40,3.25,3.53,27.0,33.0
2017,TJ Leaf,PF,11.55,3.27,3.27,29.0,34.5
2017,Terrance Ferguson,SG-SF,11.16,3.22,3.32,28.5,38.0
2017,Thomas Bryant,PF-C,11.42,3.12,3.37,25.5,33.0
2017,Thomas Welsh,PF-C,-,-,-,-,-
2017,Tony Bradley,C,11.79,2.99,3.44,24.5,27.5
2017,Tyler Dorsey,SG,10.55,2.98,3.16,30.5,36.0
2017,Tyler Lydon,PF,11.68,2.81,3.46,29.5,33.5
2017,V.J. Beachem,SG-SF,11.18,3.19,3.26,30.0,37.0
2017,Wesley Iwundu,SG-SF,11.25,3.23,3.36,31.5,36.0
2017,Zach Collins,PF-C,-,-,-,-,-
2016,Ben Bentil,PF,11.16,3.10,3.30,29.0,33.0
2016,Brice Johnson,PF,11.88,2.94,3.20,33.5,38.0
2016,Buddy Hield,SG,-,-,-,-,-
2016,Caleb Swanigan,PF,12.80,-,-,26.0,29.0
2016,Caris LeVert,SG,-,-,-,-,-
2016,Cat Barber,PG,-,-,-,-,-
2016,Cheick Diallo,PF,11.24,3.30,3.26,31.0,35.0
2016,Chinanu Onuaku,C,11.65,3.00,3.50,27.5,33.5
2016,Damian Jones,C,11.35,3.12,3.20,36.0,37.0
2016,Daniel Hamilton,SG-SF,11.48,3.20,3.40,26.0,29.0
2016,DeAndre Bembry,SG-SF,10.90,2.87,3.17,32.0,38.0
2016,Demetrius Jackson,PG,10.81,2.87,3.25,37.5,43.5
2016,Denzel Valentine,SG-SF,10.51,3.22,3.46,27.0,32.0
2016,Deyonta Davis,PF,-,-,-,-,-
2016,Diamond Stone,C,12.02,3.22,3.50,27.0,29.5
2016,Dorian Finney-Smith,SF,11.01,3.04,3.27,32.5,35.5
2016,Elgin Cook,SF,-,-,-,-,-
2016,Gary Payton II,PG,11.57,3.17,3.23,31.5,38.5
2016,Georges Niang,PF,11.64,3.17,3.49,25.0,31.0
2016,Henry Ellenson,PF,-,-,-,-,-
2016,Isaiah Cousins,PG,10.79,2.97,3.24,30.5,37.0
2016,Isaiah Whitehead,PG-SG,11.65,3.21,3.34,27.5,35.5
2016,Jake Layman,SF,11.35,2.82,3.24,33.0,39.5
2016,Jakob Poeltl,C,-,-,-,-,-
2016,Jaron Blossomgame,SF,11.53,3.26,3.20,35.0,41.0
2016,Jarrod Uthoff,PF,11.52,3.03,3.50,29.0,34.5
2016,Jaylen Brown,SG-SF,-,-,-,-,-
2016,Joel Bolomboy,PF,10.26,2.86,3.17,37.5,40.5
2016,Josh Hart,SG,11.15,3.15,3.20,29.5,38.5
2016,Justin Jackson,SF,11.32,2.96,3.26,29.5,34.5
2016,Kay Felder,PG,11.52,2.90,3.15,35.5,44.0
2016,Kris Dunn,PG,-,-,-,-,-
2016,Kyle Wiltjer,PF,11.35,3.04,3.48,28.5,35.5
2016,Malachi Richardson,SG-SF,10.56,3.25,3.33,33.0,38.0
2016,Malcolm Brogdon,SG,10.77,2.64,3.31,30.5,35.5
2016,Malik Beasley,SG,-,-,-,-,-
2016,Malik Newman,SG,10.88,3.11,3.28,30.0,35.5
2016,Marcus Lee,PF-C,11.68,3.19,3.25,28.5,35.5
2016,Marcus Paige,PG,10.82,2.69,3.15,33.5,39.5
2016,Marquese Chriss,PF,11.93,3.05,3.26,32.5,38.5
2016,Melo Trimble,PG,10.57,2.77,3.20,26.5,35.5
2016,Michael Gbinije,SG,11.00,3.19,3.12,33.5,37.5
2016,Nigel Hayes,SF-PF,12.11,2.90,3.20,25.5,28.5
2016,Pascal Siakam,PF,11.25,3.09,3.41,30.5,36.5
2016,Patrick McCaw,PG-SG,11.01,2.97,3.30,30.0,38.0
2016,Perry Ellis,PF,10.73,3.03,3.13,32.0,38.0
2016,Ron Baker,SG,10.77,2.96,3.45,30.0,35.5
2016,Skal Labissiere,PF-C,-,-,-,-,-
2016,Stephen Zimmerman,C,12.08,3.16,3.43,26.0,31.0
2016,Taurean Prince,SF,10.96,2.80,3.24,34.0,36.0
2016,Thon Maker,PF,11.15,3.09,3.33,32.0,36.5
2016,Troy Williams,SF,10.72,3.08,3.35,30.0,36.0
2016,Tyler Ulis,PG,10.80,2.88,3.20,32.5,38.0
2016,Wade Baldwin IV,PG,10.45,3.01,3.19,32.5,38.0
2016,Wayne Selden,SG,-,-,-,-,-
2016,Zhou Qi,PF-C,11.27,2.90,3.46,31.5,32.0
2015,Ben Bentil,PF,11.16,3.10,3.30,29.0,33.0
2015,Alan Williams,PF,12.26,3.54,3.50,25.5,28.5
2015,Andrew Harrison,PG,11.20,-,3.34,26.5,33.0
2015,Anthony Brown,SF-SG,10.94,3.29,3.18,27.5,34.5
2015,Bobby Portis,PF,11.78,3.28,3.56,25.0,31.5
2015,Branden Dawson,PF,12.22,3.53,3.20,28.5,34.5
2015,Brandon Ashley,PF,11.21,3.35,3.58,31.5,35.5
2015,Cameron Payne,PG,10.90,2.93,3.28,29.8,35.5
2015,Chasson Randle,PG,10.63,2.81,3.20,33.5,39.5
2015,Chris McCullough,PF,-,-,-,-,-
2015,Chris Walker,PF,11.25,3.41,3.35,30.5,37.0
2015,Christian Wood,PF,-,-,-,-,-
2015,Cliff Alexander,PF-C,-,-,-,-,-
2015,Corey Hawkins,SG-PG,10.81,-,3.51,28.5,34.0
2015,D?Angelo Russell,PG-SG,-,-,-,-,-
2015,Dakari Johnson,C,11.76,2.94,3.62,22.5,25.0
2015,Delon Wright,PG,11.16,3.50,3.29,29.5,31.0
2015,Devin Booker,SG,10.27,2.75,3.28,27.5,34.5
2015,Dez Wells,SG,10.56,3.05,3.20,31.5,39.0
2015,Frank Kaminsky,C-PF,-,-,-,-,-
2015,J.P. Tokoto,SF-SG,10.97,3.20,3.27,34.5,40.0
2015,Jarell Martin,PF,11.20,2.97,3.27,28.5,35.0
2015,Jerian Grant,PG,-,-,-,-,-
2015,Jonathan Holmes,PF-SF,10.95,3.12,3.51,25.5,31.0
2015,Jordan Mickey,PF,11.72,3.13,3.28,33.0,37.5
2015,Justin Anderson,SF-SG,11.13,2.88,3.22,38.0,43.0
2015,Justise Winslow,SF,-,-,-,-,-
2015,Keifer Sykes,PG,10.47,3.15,3.13,34.0,43.0
2015,Kelly Oubre,SF-SG,11.09,3.12,3.32,34.5,37.0
2015,Kevon Looney,PF,-,-,-,-,-
2015,Larry Nance,PF,10.93,3.01,3.25,29.0,37.5
2015,Marcus Thornton,PG-SG,10.78,2.88,3.02,34.5,43.0
2015,Michael Frazier II,SG,10.66,3.02,3.32,27.0,35.0
2015,Michael Qualls,SG-SF,11.88,-,3.18,34.0,39.5
2015,Montrezl Harrell,PF,-,-,-,-,-
2015,Myles Turner,C-PF,-,-,-,-,-
2015,Norman Powell,SG,10.69,3.20,3.20,32.5,40.5
2015,Olivier Hanlan,PG-SG,11.41,3.12,3.25,28.0,34.0
2015,Pat Connaughton,SG,10.58,3.08,3.20,37.5,44.0
2015,Quinn Cook,PG,11.44,3.41,3.38,24.5,31.0
2015,R.J. Hunter,SG,10.87,2.91,3.26,27.5,33.5
2015,Rakeem Christmas,PF-C,11.60,3.30,3.47,29.0,32.0
2015,Rashad Vaughn,SG,11.40,3.10,3.21,28.0,34.0
2015,Richaun Holmes,PF,11.24,3.31,3.32,32.5,36.0
2015,Robert Upshaw,C,-,-,-,-,-
2015,Rondae Hollis-Jefferson,SF,10.41,3.19,3.12,32.0,38.0
2015,Ryan Boatright,PG,10.71,3.05,3.26,32.0,41.0
2015,Sam Dekker,SF,10.64,2.96,3.28,25.5,34.5
2015,Stanley Johnson,SF,-,-,-,-,-
2015,TJ McConnell,PG,10.95,3.09,3.30,26.0,31.5
2015,Terran Petteway,SG,10.91,3.10,3.32,25.0,31.0
2015,Terry Rozier,PG-SG,10.84,2.84,3.15,33.0,38.0
2015,Treveon Graham,SF,11.64,3.15,3.30,28.5,31.5
2015,Trey Lyles,PF,-,-,-,-,-
2015,Tyler Harvey,SG,10.56,2.93,3.44,26.0,28.5
2015,Tyus Jones,PG,11.84,2.95,3.32,26.5,32.5
2014,Aaron Craft,PG,10.78,2.90,3.26,29.0,32.0
2014,Aaron Gordon,PF,10.81,2.76,3.27,32.5,39.0
2014,Adreian Payne,PF,-,-,-,-,-
2014,Alec Brown,PF,12.05,2.91,3.48,27.0,30.0
2014,Alex Kirk,PF,11.20,3.19,3.48,28.5,31.5
2014,C.J. Fair,SF,11.00,3.06,3.32,27.0,35.0
2014,C.J. Wilcox,SG,11.30,2.92,3.22,31.0,37.5
2014,Cameron Bairstow,PF,11.39,3.09,3.37,31.0,33.5
2014,Cleanthony Early,SF,11.15,2.96,3.18,34.0,40.0
2014,Cory Jefferson,PF,12.63,3.39,3.36,33.0,37.5
2014,Dante Exum,SG,10.75,2.88,3.19,31.5,34.5
2014,DeAndre Daniels,SF,11.46,3.04,3.44,26.5,32.0
2014,Deonte Burton,PG,11.28,3.08,3.28,29.0,39.5
2014,Devyn Marble,SG,11.32,3.08,3.28,29.0,35.0
2014,Doug McDermott,SF,11.10,3.15,3.29,28.5,36.5
2014,Dwight Powell,PF,11.28,2.88,3.20,28.5,35.0
2014,Elfrid Payton,PG,11.06,2.92,3.23,31.5,35.5
2014,Gary Harris,SG,-,-,-,-,-
2014,Glenn Robinson III,SF,11.22,3.04,3.15,36.5,41.5
2014,Jabari Brown,SG,11.60,3.26,3.50,28.0,32.0
2014,James McAdoo,PF,11.61,2.91,3.28,29.5,34.0
2014,James Young,SG,-,-,-,28.0,35.5
2014,Jarnell Stokes,PF,11.92,3.20,3.26,31.0,36.0
2014,Jerami Grant,SF,-,-,-,-,-
2014,Joe Harris,SG,11.11,2.92,3.31,28.5,33.5
2014,Johnny O?Bryant III,PF,11.57,3.32,3.45,31.0,35.5
2014,Jordan Adams,SG,12.13,3.05,3.50,24.5,29.5
2014,Jordan Bachynski,PF,12.15,3.03,3.36,29.0,33.0
2014,Jordan Clarkson,PG,10.76,2.98,3.28,33.0,38.5
2014,Jordan McRae,SG,11.07,3.15,3.39,27.5,34.5
2014,Julius Randle,PF,11.45,3.14,3.27,29.0,35.5
2014,K.J. McDaniels,SF,12.71,3.20,3.10,33.0,37.0
2014,Kendall Williams,PG,10.83,2.85,-,27.0,33.0
2014,Khem Birch,PF,11.60,3.24,3.26,30.5,35.5
2014,Kyle Anderson,SF,-,-,-,-,-
2014,LaQuinton Ross,SF,11.97,3.52,3.44,25.0,31.0
2014,Lamar Patterson,SG,11.63,3.13,3.45,27.5,32.5
2014,Marcus Smart,PG,10.82,2.96,3.26,33.0,36.0
2014,Markel Brown,SG,12.62,2.90,3.18,36.5,43.5
2014,Melvin Ejim,SF,11.55,3.12,3.14,29.5,35.0
2014,Nick Johnson,SG,10.80,2.95,3.27,33.5,41.5
2014,Nik Stauskas,SG,10.79,2.92,3.27,29.0,35.5
2014,Noah Vonleh,PF,11.45,3.29,3.28,31.0,37.0
2014,P.J. Hairston,SG,11.12,-,3.32,32.0,37.0
2014,Patric Young,PF,11.18,3.06,3.43,32.0,37.5
2014,Rodney Hood,SF,11.21,3.14,3.38,29.0,36.0
2014,Russ Smith,PG,11.57,3.01,3.27,29.5,34.0
2014,Sean Kilpatrick,SG,-,-,-,-,-
2014,Semaj Christon,PG,11.55,3.21,3.32,30.5,36.5
2014,Shabazz Napier,PG,11.60,3.13,3.20,30.5,37.5
2014,Spencer Dinwiddie,PG,-,-,-,-,-
2014,T.J. Warren,SF,11.10,3.04,3.26,27.0,35.5
2014,Thanasis Antetokounmpo,SF,11.39,3.05,3.18,31.5,39.5
2014,Tyler Ennis,PG,11.12,2.84,3.30,29.0,36.0
2014,Xavier Thames,PG,11.48,3.02,3.48,29.0,32.5
2014,Zach LaVine,PG,10.42,2.80,3.19,33.5,41.5
2013,Aaron Craft,PG,10.78,2.90,3.26,29.0,32.0
2013,Alex Len,C,-,-,-,-,-
2013,Allen Crabbe,SG,10.67,3.10,3.32,30.5,36.0
2013,Andre Roberson,PF-SF,11.36,3.02,3.34,30.0,36.5
2013,Archie Goodwin,SG,10.75,3.41,3.27,30.0,36.0
2013,BJ Young,SG-PG,-,-,-,-,-
2013,Ben McLemore,SG,11.87,3.11,3.27,32.5,42.0
2013,Brandon Davies,PF,11.22,3.14,3.50,26.0,31.5
2013,Brandon Paul,SG,11.16,2.90,3.37,33.5,39.5
2013,CJ Leslie,PF-SF,10.19,2.79,3.10,32.5,40.5
2013,CJ McCollum,PG-SG,11.02,2.91,3.32,32.0,38.5
2013,Carrick Felix,SF-SG,11.16,3.09,3.25,32.0,38.5
2013,Cody Zeller,C-PF,10.82,2.69,3.15,35.5,37.5
2013,Colton Iverson,C,11.52,3.04,3.52,26.5,30.0
2013,Dennis Schroder,PG,11.09,2.86,3.21,30.0,34.0
2013,Deshaun Thomas,SF,12.94,3.38,3.53,28.5,32.0
2013,Dewayne Dedmon,C,12.75,3.26,3.40,28.0,32.5
2013,Erick Green,PG,-,-,-,-,-
2013,Erik Murphy,PF,12.19,2.96,3.57,24.5,29.5
2013,Glen Rice,SF-SG,10.99,3.08,3.25,33.0,40.5
2013,Gorgui Dieng,C,-,-,-,-,-
2013,Grant Jerrett,PF,11.85,3.23,3.51,28.5,34.0
2013,Isaiah Canaan,PG,10.98,2.89,3.22,33.0,40.5
2013,Jackie Carmichael,PF,11.83,3.07,3.35,30.0,32.0
2013,Jamaal Franklin,SG-SF,-,-,-,-,-
2013,James Ennis,SF,11.55,3.06,3.40,29.5,36.5
2013,James Southerland,SF-PF,10.90,3.03,3.38,29.0,32.0
2013,Jeff Withey,C,12.49,3.29,3.47,26.5,29.0
2013,Kelly Olynyk,PF-C,11.42,2.99,3.59,24.5,29.5
2013,Kenny Kadji,PF-C,11.47,2.88,3.44,34.0,38.0
2013,Kentavious Caldwell-Pope,SG,10.60,3.20,3.12,29.0,34.5
2013,Lorenzo Brown,PG,11.78,3.24,3.40,28.0,34.0
2013,Mason Plumlee,C-PF,10.89,2.76,3.29,30.5,36.0
2013,Michael Carter-Williams,PG,10.68,3.70,3.22,31.5,41.0
2013,Mike Muscala,C-PF,11.76,2.99,3.44,28.0,33.5
2013,Myck Kabongo,PG,10.64,2.86,3.44,27.5,33.5
2013,Nate Wolters,PG,-,-,-,-,-
2013,Nerlens Noel,C,-,-,-,-,-
2013,Norvel Pelle,PF-C,11.49,3.20,3.32,31.0,34.5
2013,Otto Porter,SF,11.25,3.06,3.40,27.0,36.0
2013,Peyton Siva,PG,10.59,2.93,3.16,33.5,41.5
2013,Phil Pressey,PG,10.86,3.02,3.13,33.0,38.5
2013,Pierre Jackson,PG,-,-,-,-,-
2013,Ray McCallum,PG,10.82,3.08,3.25,30.5,40.0
2013,Reggie Bullock,SG-SF,11.33,3.30,3.31,31.0,36.5
2013,Richard Howell,PF,-,-,-,-,-
2013,Ricky Ledo,SG,10.72,3.16,3.32,27.0,33.5
2013,Robert Covington,SF-PF,11.69,3.10,3.34,29.5,36.0
2013,Rudy Gobert,C,12.85,3.19,3.57,25.0,29.0
2013,Ryan Kelly,PF,-,-,-,-,-
2013,Seth Curry,SG,-,-,-,-,-
2013,Shabazz Muhammad,SF-SG,10.99,2.93,3.32,29.5,37.0
2013,Shane Larkin,PG,10.64,3.03,3.08,34.5,44.0
2013,Solomon Hill,SF,10.77,2.91,3.19,29.5,37.5
2013,Steven Adams,C,11.85,3.02,3.40,28.5,33.0
2013,Tim Hardaway Jr.,SG,10.68,2.93,3.25,31.5,37.5
2012,Adonis Thomas,SF,11.64,3.11,3.32,34.5,40.5
2012,Alex Len,C,-,-,-,-,-
2012,Allen Crabbe,SG,10.67,3.10,3.32,30.5,36.0
2012,Andre Roberson,PF-SF,11.36,3.02,3.34,30.0,36.5
2012,Archie Goodwin,SG,10.75,3.41,3.27,30.0,36.0
2012,Bernard James,PF,11.84,-,3.40,30.0,32.5
2012,Bradley Beal,SG,10.95,-,3.28,33.0,39.0
2012,Damian Lillard,PG,11.15,-,3.34,34.5,39.5
2012,Darius Johnson-Odom,SG,10.76,-,3.21,33.5,41.5
2012,Darius Miller,SF-SG,11.34,-,3.31,33.0,37.0
2012,Dion Waiters,SG,-,-,-,-,-
2012,Doron Lamb,SG-PG,11.12,-,3.41,29.0,33.5
2012,Draymond Green,PF-SF,11.01,-,3.40,28.0,33.0
2012,Drew Gordon,PF,11.35,-,3.49,29.0,34.0
2012,Fab Melo,C,12.14,-,3.44,29.5,31.0
2012,Festus Ezeli,C-PF,12.35,-,3.29,34.0,33.5
2012,Harrison Barnes,SF-SG,10.93,-,3.16,38.0,39.5
2012,Henry Sims,C-PF,12.33,-,3.44,26.5,29.5
2012,Hollis Thompson,SF,11.72,-,3.38,28.5,36.5
2012,J'Covan Brown,PG,11.68,-,3.47,26.0,29.5
2012,JaMychal Green,PF,10.63,-,3.38,29.5,32.5
2012,Jae Crowder,SF,11.45,-,3.37,31.0,34.5
2012,Jared Cunningham,SG-PG,-,-,-,-,-
2012,Jared Sullinger,PF,12.77,-,3.81,29.5,31.0
2012,Jeff Taylor,SF-SG,10.87,-,3.29,33.5,40.0
2012,Jeremy Lamb,SG,10.98,-,3.25,31.5,38.0
2012,John Henson,PF,-,-,-,25.5,30.0
2012,John Jenkins,SG,11.36,-,3.37,30.5,36.5
2012,Jordan Taylor,PG,10.57,-,3.19,33.0,36.5
2012,Kendall Marshall,PG,12.03,-,3.23,31.0,37.0
2012,Kevin Jones,PF,11.94,-,3.60,27.5,32.5
2012,Kevin Murphy,SG,10.97,-,3.42,31.0,36.5
2012,Khris Middleton,SF,11.45,-,3.47,28.0,31.0
2012,Kim English,SG,10.59,-,3.33,29.0,36.5
2012,Kris Joseph,SG,-,-,3.46,28.5,35.0
2012,Kyle O'Quinn,PF,11.65,-,3.53,31.5,31.5
2012,Marcus Denmon,SG,10.82,-,3.19,33.5,40.0
2012,Marquis Teague,PG,10.65,-,3.19,32.5,40.5
2012,Maurice Harkless,SF,10.87,-,3.25,32.5,37.0
2012,Meyers Leonard,C,11.34,-,3.41,30.0,32.5
2012,Michael Kidd-Gilchrist,SF,11.77,-,3.18,32.0,35.5
2012,Mike Scott,PF,11.59,-,3.44,27.0,32.5
2012,Miles Plumlee,PF-C,10.64,-,3.36,34.0,40.5
2012,Orlando Johnson,SG,10.98,-,3.25,32.0,39.5
2012,Perry Jones,PF-SF,11.31,-,3.19,33.0,38.5
2012,Quincy Acy,PF,10.48,-,3.28,32.0,37.0
2012,Quincy Miller,SF,11.05,-,3.48,30.5,36.0
2012,Robbie Hummel,SF,11.56,-,3.41,27.5,30.0
2012,Royce White,PF,-,-,-,-,-
2012,Scott Machado,PG,11.26,-,3.30,27.0,32.5
2012,Terrence Jones,PF-SF,11.57,-,3.40,29.5,34.5
2012,Terrence Ross,SG-SF,11.78,-,3.28,31.0,37.5
2012,Thomas Robinson,PF,11.96,-,3.17,28.5,35.5
2012,Tomas Satoransky,PG-SG,-,-,-,-,-
2012,Tony Mitchell,SG,11.72,-,3.47,31.5,40.0
2012,Tony Wroten,PG,10.75,-,3.24,30.0,35.5
2012,Tu Holloway,PG,11.00,-,3.42,28.0,35.0
2012,Tyler Zeller,PF-C,11.13,-,3.40,30.0,34.0
2012,Tyshawn Taylor,PG,11.48,-,3.20,32.0,36.5
2012,Will Barton,SG-SF,12.50,-,3.60,30.0,34.0
2012,William Buford,SG-SF,11.40,-,3.43,27.5,32.5
2011,Alec Burks,SG,10.96,-,3.17,29.0,36.0
2011,Andrew Goudelock,PG,10.33,-,3.10,32.5,37.0
2011,Brandon Knight,PG,10.74,-,3.07,29.0,37.5
2011,Chandler Parsons,SF,11.05,-,3.29,25.5,31.5
2011,Charles Jenkins,PG-SG,11.68,-,3.18,29.5,34.0
2011,Chris Singleton,SF,11.33,-,3.09,30.5,37.5
2011,Cory Joseph,PG,10.75,-,3.27,27.5,35.0
2011,Darius Morris,PG-SG,11.00,-,3.20,24.5,32.0
2011,David Lighty,SG,10.81,-,3.25,28.5,33.0
2011,DeAndre Liggins,SF-SG,-,-,3.33,27.0,31.0
2011,Demetri McCamey,PG,11.55,-,3.19,27.0,33.0
2011,Derrick Williams,PF-SF,11.03,-,3.23,29.0,34.5
2011,E'Twaun Moore,SG,11.12,-,3.31,32.0,34.5
2011,Enes Kanter,PF-C,11.30,-,3.26,26.0,32.5
2011,Gregory Smith,PF-C,12.43,-,3.36,29.5,36.0
2011,Iman Shumpert,PG-SG,11.10,-,3.18,36.5,42.0
2011,Isaiah Thomas,PG,10.49,-,3.14,31.5,40.0
2011,JaJuan Johnson,PF,11.21,-,3.14,33.5,38.0
2011,James Fredette,PG,10.42,-,3.21,28.0,33.0
2011,Jamie Skeen,PF,12.43,-,3.46,26.0,30.5
2011,Jereme Richmond,SF,11.74,-,3.02,27.0,33.5
2011,Jeremy Tyler,PF-C,11.26,-,3.29,28.0,33.5
2011,Jimmy Butler,SF,11.12,-,3.15,32.0,39.0
2011,Jon Diebler,SG,10.94,-,3.37,28.0,35.0
2011,Jon Leuer,PF,10.82,-,3.36,29.5,36.5
2011,Jordan Hamilton,SF,11.47,-,3.30,25.0,32.0
2011,Jordan Williams,PF,12.74,-,3.45,25.0,30.5
2011,Josh Selby,SG-PG,11.13,-,3.20,29.5,42.0
2011,Justin Harper,PF-SF,11.92,-,3.30,28.5,33.0
2011,Kawhi Leonard,SF,11.45,-,3.15,25.5,32.0
2011,Keith Benson,C-PF,11.88,-,3.35,31.5,36.0
2011,Kemba Walker,PG,10.87,-,3.16,32.0,39.5
2011,Kenneth Faried,PF,11.35,-,3.26,30.5,35.0
2011,Klay Thompson,SG,10.99,-,3.24,26.5,31.5
2011,Kyle Singler,SF,11.22,-,3.21,23.0,30.0
2011,Kyrie Irving,PG,-,-,-,-,-
2011,LaceDarius Dunn,SG,11.45,-,3.27,26.5,31.0
2011,Malcolm Lee,SG,11.20,-,3.09,30.0,35.5
2011,Malcolm Thomas,PF,11.31,-,3.29,32.0,36.5
2011,Marcus Morris,PF-SF,-,-,3.15,29.0,33.0
2011,Markieff Morris,PF,-,-,3.40,27.0,31.5
2011,Marshon Brooks,SG,10.74,-,3.09,34.0,38.5
2011,Michael Dunigan,PF-C,11.85,-,3.27,29.5,34.5
2011,Nikola Vucevic,PF-C,12.02,-,3.27,23.5,25.0
2011,Nolan Smith,PG,11.05,-,3.17,28.5,34.0
2011,Norris Cole,PG,10.07,-,3.22,29.5,38.5
2011,Rick Jackson,PF,11.51,-,3.26,28.5,33.0
2011,Scotty Hopson,SG,10.47,-,3.18,32.5,36.0
2011,Shelvin Mack,PG,11.23,-,3.18,32.0,39.0
2011,Tobias Harris,SF-PF,10.96,-,3.17,31.5,37.5
2011,Travis Leslie,SG,11.00,-,3.13,33.0,40.5
2011,Trey Thompkins,PF,11.72,-,3.41,27.5,30.5
2011,Tristan Thompson,PF,10.92,-,3.26,30.0,35.0
2011,Tyler Honeycutt,SF,11.68,-,3.07,30.0,37.0
2010,Al-Farouq Aminu,SF,11.29,-,3.30,27.0,33.5
2010,Andy Rautins,SG,11.27,-,3.49,23.5,30.5
2010,Armon Johnson,PG-SG,11.25,-,3.19,31.5,38.5
2010,Artsiom Parakhouski,C,12.07,-,3.33,25.5,26.5
2010,Avery Bradley,SG-PG,11.47,-,3.14,31.5,37.5
2010,Charles Garcia,SF,11.65,-,3.23,24.5,30.5
2010,Cole Aldrich,C,11.48,-,3.35,23.0,28.0
2010,Craig Brackins,PF-SF,11.65,-,3.39,26.0,35.0
2010,Damion James,SF,10.89,-,3.20,29.0,33.0
2010,Daniel Orton,C,12.32,-,3.39,24.0,30.5
2010,Darington Hobson,SG-SF,11.68,-,3.25,29.0,34.0
2010,DeMarcus Cousins,C,11.40,-,3.55,23.5,27.5
2010,Derrick Caracter,PF,12.78,-,3.61,25.0,30.5
2010,Derrick Favors,PF,11.74,-,3.25,31.5,35.5
2010,Devin Ebanks,SF,11.69,-,3.44,23.5,32.0
2010,Dexter Pittman,PF-C,-,-,-,-,-
2010,Dominique Jones,SG,10.88,-,3.31,26.0,32.5
2010,Ed Davis,PF,11.70,-,3.21,31.0,36.0
2010,Ekpe Udoh,PF,11.15,-,3.29,31.0,33.5
2010,Eric Bledsoe,PG,-,-,-,-,-
2010,Evan Turner,SG,11.06,-,3.27,27.5,34.5
2010,Gani Lawal,PF,11.61,-,3.24,27.0,31.5
2010,Gordon Hayward,SF,11.73,-,3.22,30.5,34.5
2010,Greg Monroe,PF-C,12.10,-,3.35,25.0,29.0
2010,Greivis Vasquez,PG-SG,-,-,-,-,-
2010,Hassan Whiteside,C-PF,11.83,-,3.54,27.0,31.5
2010,James Anderson,SF,11.86,-,3.19,30.0,35.5
2010,Jarvis Varnado,PF-C,11.61,-,3.37,29.5,32.5
2010,Jerome Jordan,C,-,-,-,-,-
2010,John Wall,PG,10.84,-,3.14,30.0,39.0
2010,Jon Scheyer,PG-SG,-,-,-,-,-
2010,Jordan Crawford,SG,11.03,-,3.37,31.5,34.5
2010,Keith Gallon,PF-C,13.44,-,3.70,23.5,28.5
2010,Lance Stephenson,SG,11.39,-,3.38,27.0,33.0
2010,Larry Sanders,PF-C,12.49,-,3.27,25.5,28.0
2010,Lazar Hayward,SG-SF,10.87,-,3.31,31.0,36.0
2010,Luke Babbitt,SF-PF,10.98,-,3.40,29.5,37.5
2010,Luke Harangody,PF,11.83,-,3.41,24.0,28.5
2010,Manny Harris,SG,-,-,-,-,-
2010,Mikhail Torrance,PG,11.43,-,3.17,23.0,32.0
2010,Patrick Patterson,PF,11.14,-,3.25,28.5,33.5
2010,Paul George,SF,-,-,-,-,-
2010,Ryan Richards,PF,11.33,-,3.37,25.0,28.5
2010,Sherron Collins,PG,12.31,-,3.24,27.5,33.0
2010,Solomon Alabi,C,13.20,-,3.68,22.5,26.0
2010,Stanley Robinson,SF,11.65,-,3.23,-,37.5
2010,Sylven Landesberg,SG,11.59,-,3.36,28.0,32.0
2010,Terrico White,SG-PG,11.38,-,3.15,31.0,40.0
2010,Trevor Booker,PF,11.15,-,3.10,31.0,36.0
2010,Wesley Johnson,SF,11.43,-,3.14,32.0,37.0
2010,Willie Warren,SG-PG,11.21,-,3.50,23.0,31.5
2010,Xavier Henry,SG,11.10,-,3.18,28.5,36.5
2009,A.J. Price,PG,10.99,-,3.22,26.0,31.0
2009,Austin Daye,SF-PF,12.11,-,3.55,25.0,28.0
2009,Blake Griffin,PF,10.95,-,3.28,32.0,35.5
2009,Byron Mullens,C,11.10,-,3.45,28.5,32.5
2009,Chase Budinger,SF-SG,11.08,-,3.24,29.5,38.5
2009,DaJuan Summers,SF,10.94,-,3.17,29.5,34.5
2009,Danny Green,SG-SF,11.30,-,3.30,29.0,33.0
2009,Dante Cunningham,PF,11.18,-,3.26,28.0,35.0
2009,Darren Collison,PG,10.45,-,3.10,30.5,33.5
2009,DeJuan Blair,PF,11.50,-,3.45,26.0,33.0
2009,DeMar DeRozan,SG-SF,11.88,-,3.31,29.0,38.5
2009,DeMarre Carroll,PF-SF,-,-,-,-,-
2009,Derrick Brown,SF-PF,11.26,-,3.13,30.5,35.5
2009,Dionte Christmas,SG,10.83,-,3.21,27.0,33.5
2009,Earl Clark,SF-PF,11.17,-,3.35,28.5,33.0
2009,Eric Maynor,PG,10.78,-,3.19,28.5,31.5
2009,Gerald Henderson,SG-SF,11.17,-,3.14,31.5,35.0
2009,Hasheem Thabeet,C,-,-,-,-,-
2009,Jack McClinton,SG-PG,10.44,-,3.21,30.0,36.5
2009,James Harden,SG,11.10,-,3.13,31.5,37.0
2009,James Johnson,SF-PF,11.21,-,3.23,30.5,35.0
2009,Jeff Adrien,PF,11.34,-,3.32,27.5,31.5
2009,Jeff Ayres,PF,11.98,-,3.14,31.0,35.0
2009,Jeff Teague,PG,11.05,-,3.18,30.5,36.5
2009,Jerel McNeal,SG,10.61,-,3.25,31.5,36.5
2009,Jermaine Taylor,SG,11.54,-,3.32,34.0,37.5
2009,Jodie Meeks,SG,10.96,-,3.10,28.5,37.0
2009,Joe Ingles,SF,10.66,-,3.30,26.0,31.0
2009,Jonny Flynn,PG,10.86,-,3.23,33.0,40.0
2009,Jordan Hill,PF-C,12.23,-,3.30,31.0,35.0
2009,Josh Heytvelt,PF-C,11.67,-,3.38,28.5,34.0
2009,Jrue Holiday,PG-SG,10.64,-,3.21,28.5,34.0
2009,Marcus Thornton,SG,10.73,-,3.28,31.0,33.0
2009,Omri Casspi,SF,11.15,-,3.28,25.5,32.5
2009,Patty Mills,PG,10.87,-,3.10,27.5,33.0
2009,Rodrigue Beaubois,PG,10.49,-,3.15,29.5,39.0
2009,Sam Young,SF-SG,11.47,-,3.45,27.5,33.0
2009,Stephen Curry,PG-SG,11.07,-,3.28,29.5,35.5
2009,Taj Gibson,PF,11.56,-,3.41,25.5,30.0
2009,Terrence Williams,SG-SF,11.15,-,3.18,30.5,37.0
2009,Toney Douglas,PG,10.63,-,3.03,28.0,32.5
2009,Ty Lawson,PG,10.98,-,3.12,29.0,36.5
2009,Tyler Hansbrough,PF,11.12,-,3.27,27.5,34.0
2009,Tyler Smith,SF,10.69,-,3.24,29.0,33.5
2009,Tyreke Evans,PG-SG,11.81,-,3.17,28.5,34.0
2009,Wayne Ellington,SG,11.14,-,3.20,31.5,38.0
2008,Aleks Maric,C,11.76,-,3.35,23.0,28.0
2008,Anthony Randolph,PF-SF,11.86,-,3.26,29.0,35.0
2008,Brian Butch,C-PF,11.87,-,3.52,24.0,26.5
2008,Brian Roberts,PG,10.65,-,3.05,31.5,36.5
2008,Brook Lopez,C,12.77,-,3.57,27.5,30.5
2008,Bryce Taylor,SG,11.08,-,3.19,34.5,41.0
2008,Charles Rhodes,PF,11.51,-,3.13,26.5,33.5
2008,Chris Daniels,C-PF,12.72,-,3.56,26.0,28.5
2008,D.J. Augustin,PG,11.27,-,3.07,28.5,35.0
2008,Darnell Jackson,PF,11.75,-,3.26,27.0,31.0
2008,Darrell Arthur,PF,12.18,-,3.14,28.5,30.0
2008,David Padgett,C-PF,12.45,-,3.45,24.0,28.0
2008,Davon Jefferson,SF,12.02,-,3.36,27.0,32.0
2008,DeAndre Jordan,C,12.30,-,3.27,26.0,30.5
2008,DeMarcus Nelson,PG-SG,10.54,-,3.13,34.5,38.5
2008,DeVon Hardin,C-PF,11.49,-,3.33,29.5,32.0
2008,Deron Washington,SF,11.03,-,3.09,34.0,40.0
2008,Derrick Rose,PG,11.69,-,3.05,34.5,40.0
2008,Donte Greene,SF-PF,11.21,-,3.20,27.5,31.5
2008,Drew Neitzel,PG,11.19,-,3.20,25.5,32.0
2008,Eric Gordon,SG,10.81,-,3.01,32.0,40.0
2008,Frank Elegar,PF,11.86,-,3.17,33.5,37.5
2008,Gary Forbes,SG,11.45,-,3.25,27.5,33.5
2008,George Hill,PG,12.20,-,3.07,34.0,37.5
2008,J.R. Giddens,SG,-,-,-,-,-
2008,JaVale McGee,C-PF,12.75,-,3.25,27.0,32.5
2008,Jamar Butler,PG,-,-,-,-,-
2008,James Gist,PF,11.37,-,3.14,30.5,35.0
2008,James Mays,PF,11.23,-,3.19,29.5,35.0
2008,Jeremy Pargo,PG,10.65,-,3.07,32.0,37.0
2008,Jerryd Bayless,PG-SG,11.26,-,3.07,31.0,38.0
2008,Jiri Hubalek,C-PF,12.26,-,3.54,20.5,26.0
2008,Joe Alexander,SF-PF,11.33,-,2.99,32.5,38.5
2008,Joe Crawford,SG,11.67,-,3.22,31.0,36.0
2008,Joey Dorsey,PF-C,11.84,-,3.20,27.5,33.0
2008,John Riek,C,-,-,-,-,-
2008,Joseph Jones,PF,11.61,-,3.33,25.5,31.0
2008,Josh Duncan,PF,12.47,-,3.26,28.0,32.0
2008,Keith Brumbaugh,SF-PF,11.65,-,3.28,26.0,27.0
2008,Kentrell Gransberry,C,12.16,-,3.32,24.5,27.5
2008,Kevin Love,PF,11.17,-,3.22,29.5,35.0
2008,Kyle Hines,SF-PF,12.17,-,3.40,28.5,33.0
2008,Lester Hudson,PG,11.15,-,3.16,30.5,36.0
2008,Longar Longar,C,-,-,-,-,-
2008,Luc Mbah a Moute,SF,11.71,-,3.17,32.0,38.5
2008,Maarty Leunen,SF,11.57,-,3.36,29.5,34.5
2007,Aaron Brooks,PG,10.57,-,3.20,32.5,39.5
2007,Aaron Gray,C,12.07,-,3.70,27.0,32.5
2007,Acie Law,PG,11.00,-,3.22,29.0,34.0
2007,Al Horford,PF,12.15,-,3.37,31.0,35.5
2007,Al Thornton,SF,11.96,-,3.16,35.0,41.0
2007,Ali Traore,C-PF,12.16,-,3.52,25.0,29.0
2007,Antanas Kavaliauskas,PF,11.19,-,3.42,25.5,30.0
2007,Anthony Tolliver,PF,11.49,-,3.29,28.5,30.0
2007,Avis Wyatt,PF,11.46,-,3.23,27.5,32.0
2007,Blake Schilb,SG,11.63,-,3.36,26.5,33.5
2007,Bobby Brown,PG,11.27,-,3.25,32.5,41.0
2007,Brad Newley,SG,11.77,-,3.29,29.5,31.5
2007,Brandan Wright,PF,11.76,-,3.31,30.5,35.5
2007,Brandon Heath,PG,11.39,-,3.28,32.0,36.0
2007,Caleb Green,PF,11.72,-,3.46,28.5,36.0
2007,Carl Landry,PF,11.35,-,3.29,31.5,36.5
2007,Cartier Martin,SF,12.10,-,3.43,27.0,29.5
2007,Chris Richard,PF,11.39,-,3.29,26.5,30.5
2007,Coby Karl,SG-PG,11.57,-,3.41,32.0,34.5
2007,Coleman Collins,PF,11.47,-,-,30.0,35.0
2007,Corey Brewer,SF-SG,11.69,-,3.22,30.5,36.5
2007,Craig Bradshaw,PF,11.88,-,3.54,26.0,28.0
2007,Curtis Sumpter,SF,11.30,-,3.22,27.5,32.5
2007,DJ Strawberry,SG,10.87,-,3.14,28.5,35.0
2007,DaShaun Wood,PG,11.40,-,3.23,31.5,34.5
2007,Daequan Cook,SG,11.12,-,3.22,30.0,34.5
2007,Darryl Watkins,C,11.65,-,3.56,26.5,31.0
2007,Demetris Nichols,SF,10.39,-,3.38,28.5,32.5
2007,Dominic James,PG,10.94,-,3.11,33.5,38.5
2007,Dominic McGuire,SF,10.95,-,3.25,28.5,34.5
2007,Dustin Salisbery,SG,11.07,-,3.12,34.0,38.0
2007,Ekene Ibekwe,PF,11.00,-,3.28,34.5,39.0
2007,Greg Oden,C,11.67,-,3.27,32.0,34.0
2007,Herbert Hill,C,12.31,-,3.39,30.5,34.0
2007,Ivan Radenovic,PF,11.61,-,3.60,23.0,28.0
2007,JR Reynolds,PG,11.69,-,3.24,27.5,34.5
2007,Jamaal Tatum,PG,11.51,-,3.22,28.5,33.0
2007,James Hughes,C,13.31,-,3.37,31.0,33.0
2007,Jared Dudley,SF,11.32,-,3.45,28.0,32.0
2007,Jared Jordan,PG,11.02,-,3.39,24.5,28.5
2007,Jason Smith,PF,10.96,-,3.29,33.5,37.5
2007,Javaris Crittenton,PG,11.60,-,3.32,32.5,38.0
2007,Jeff Green,SF,12.00,-,3.34,33.5,38.0
2007,Jeremy Hunt,SG,12.11,-,3.29,30.5,33.0
2007,Jermareo Davidson,PF,12.63,-,3.53,27.0,30.0
2007,Jianlian Yi,,-,-,-,-,-
2007,Joakim Noah,PF,11.79,-,3.47,32.5,37.5
2007,Josh McRoberts,PF,11.70,-,3.47,27.5,31.5
2007,Julian Wright,SF-PF,11.48,-,3.36,28.5,33.5
2007,Justin Doellman,PF,-,-,-,-,-
2007,Kevin Durant,SF-PF,12.33,-,3.45,26.0,33.5
2007,Kyle Visser,C,12.60,-,3.39,26.0,29.0
2007,Major Wingate,C,12.14,-,3.47,27.5,30.5
2007,Mario Boggan,PF,12.18,-,3.45,24.0,26.5
2007,Marko Lekic,C,11.96,-,3.43,24.0,30.5
2007,Mike Conley,PG,11.63,-,3.09,35.5,40.5
2007,Mohamed Abukar,SF,11.78,-,3.37,30.5,35.0
2007,Mustafa Shakur,PG,11.82,-,3.27,28.5,35.0
2007,Nick Young,SG-SF,11.00,-,3.25,39.5,40.5
2007,Quinton Hosley,SF-SG,12.47,-,3.32,28.5,34.0
2007,Ramon Sessions,PG,11.65,-,3.27,29.5,33.5
2007,Rashad Jones-Jennings,PF,12.18,-,3.29,25.0,30.0
2007,Rashaun Freeman,PF,11.43,-,3.41,28.0,32.0
2007,Renaldas Seibutis,SG,11.33,-,3.39,24.0,32.5
2007,Reyshawn Terry,SF,11.76,-,3.26,31.0,37.5
2007,Rodney Stuckey,SG-PG,11.34,-,3.11,30.5,35.0
2007,Ron Lewis,SG,11.59,-,3.22,33.0,38.0
2007,Russell Carter,SG,11.61,-,3.29,33.0,38.5
2007,Ryvon Covile,C-PF,12.52,-,3.37,25.0,30.5
2007,Sammy Mejia,SG,11.87,-,3.49,27.0,31.5
2007,Spencer Hawes,PF,11.88,-,3.51,26.0,29.0
2007,Stephane Lasme,PF,11.73,-,3.22,29.5,36.0
2007,Taurean Green,PG,11.30,-,3.26,29.0,32.5
2007,Thaddeus Young,SF,11.06,-,3.19,34.5,37.0
2007,Trey Johnson,SG,11.78,-,3.31,26.5,35.0
2007,Yue Sun,SF,10.68,-,3.45,29.0,34.0
2007,Zabian Dowdell,PG,11.13,-,3.29,30.0,33.5
2006,Aaron Brooks,PG,10.57,-,3.20,32.5,39.5
2006,Aaron Gray,C,12.07,-,3.70,27.0,32.5
2006,Antywane Robinson,SF-PF,11.73,-,3.40,29.0,32.5
2006,Blake Schilb,PG-SG,11.25,-,3.43,28.5,34.5
2006,Bobby Jones,SF-SG,11.23,-,3.28,28.5,34.5
2006,Brad Buckman,PF,12.26,-,3.54,25.5,30.5
2006,Brandon Bowman,SF,11.41,-,3.31,31.0,34.0
2006,Brandon Roy,SG-SF,11.13,-,3.27,34.0,40.5
2006,CJ Watson,PG,11.61,-,3.15,31.5,34.0
2006,Carl Krauser,PG,11.62,-,3.38,26.0,31.0
2006,Cedric Simmons,PF-C,11.05,-,3.31,30.5,35.0
2006,Chris McCray,SG,11.46,-,3.34,30.5,39.0
2006,Chris Quinn,PG-SG,11.25,-,3.25,32.0,37.0
2006,Craig Smith,PF,11.59,-,3.40,30.0,29.5
2006,Curtis Stinson,SG,10.95,-,3.27,28.0,31.5
2006,Curtis Withers,PF-SF,11.54,-,3.10,35.0,36.5
2006,Dan Grunfeld,SF-SG,11.30,-,3.46,28.0,33.5
2006,Daniel Horton,PG-SG,10.35,-,3.16,30.0,36.5
2006,Danilo Pinnock,PG-SG,11.91,-,3.08,29.5,35.5
2006,Darius Washington,PG,10.71,-,3.26,29.0,37.5
2006,David Noel,SF-SG,10.54,-,3.07,34.5,38.5
2006,Denham Brown,SG-SF,11.42,-,3.25,28.0,34.5
2006,Dwayne Mitchell,SG-SF,11.45,-,3.16,37.5,41.5
2006,Eric Hicks,PF,12.06,-,3.34,30.0,34.0
2006,Eric Williams,C-PF,11.71,-,3.56,28.5,29.0
2006,Frans Steyn,C,11.67,-,3.38,28.5,29.5
2006,Gerry McNamara,PG-SG,11.28,-,3.40,27.0,32.0
2006,Hilton Armstrong,C-PF,12.28,-,3.53,28.5,31.5
2006,Ian Vouyoukas,C-PF,13.70,-,3.72,23.0,28.0
2006,J.P. Batista,PF,11.62,-,3.38,26.0,30.5
2006,JJ Redick,SG,10.94,-,3.29,27.5,33.0
2006,James Augustine,PF,10.54,-,3.25,30.0,32.5
2006,Joah Tucker,SF-SG,11.58,-,3.31,29.0,34.0
2006,Jordan Farmar,PG,11.07,-,3.17,33.5,42.0
2006,Justin Williams,C-PF,11.90,-,3.31,26.5,31.5
2006,Kenny Adeleke,PF-C,11.57,-,3.47,28.5,30.5
2006,Keydren Clark,PG,11.03,-,3.11,31.0,34.0
2006,LaMarcus Aldridge,PF-C,12.02,-,3.43,26.5,34.0
2006,Lou Amundson,PF,10.58,-,3.20,32.0,35.5
2006,Marco Killingsworth,PF,11.42,-,3.34,28.0,32.0
2006,Marcus Slaughter,PF-SF,11.56,-,3.40,30.0,34.0
2006,Marcus Williams,PG,11.30,-,3.40,24.5,28.0
2006,Mardy Collins,PG-SG,12.00,-,3.27,31.5,37.5
2006,Matt Haryasz,PF-C,11.34,-,3.46,27.5,31.5
2006,Maurice Ager,SG-PG,11.73,-,3.22,29.5,35.0
2006,Michael Southhall,C,12.29,-,3.51,31.5,37.0
2006,Morris Almond,SG-SF,11.45,-,3.19,31.0,35.5
2006,Mouhamed Sene,C,12.52,-,3.38,28.5,31.0
2006,Nick George,SF-SG,11.69,-,3.25,30.5,38.0
2006,Nik Caner-Medley,SF,10.57,-,3.21,28.5,35.5
2006,Patrick O'Bryant,C,12.68,-,3.63,26.5,30.0
2006,Paul Miller,PF-C,12.25,-,3.66,29.0,35.5
2006,Paul Millsap,PF,11.67,-,3.30,28.5,32.5
2006,Pops Mensah-Bonsu,PF-C,11.47,-,3.29,31.5,36.0
2006,Randy Foye,SG-PG,10.53,-,3.23,32.0,38.0
2006,Rashad Anderson,SG,11.77,-,3.48,27.5,32.5
2006,Renaldo Balkman,SF-PF,11.58,-,3.22,30.5,35.0
2006,Rodney Carney,SG-SF,10.57,-,3.06,32.0,38.5
2006,Ronnie Brewer,SG-PG,11.32,-,3.14,35.0,41.0
2006,Rudy Gay,SF-PF,11.03,-,3.32,33.0,40.5
2006,Sean Dockery,PG-SG,10.88,-,3.34,29.0,33.0
2006,Shawne Williams,SF-PF,10.69,-,3.30,32.0,31.0
2006,Shelden Williams,PF-C,11.53,-,3.59,29.0,33.5
2006,Solomon Jones,PF-C,11.27,-,3.30,32.0,39.0
2006,Steve Novak,SF,11.11,-,3.37,24.5,31.0
2006,Steven Smith,SF-PF,12.08,-,3.40,29.5,34.5
2006,Taj Gray,PF-SF,11.02,-,3.45,28.5,33.0
2006,Taquan Dean,SG-PG,10.53,-,3.20,30.5,34.5
2006,Tarence Kinsey,SF-SG,10.67,-,3.30,29.0,35.5
2006,Tedric Hill,SF-PF,12.23,-,3.24,30.0,36.5
2006,Terence Dials,PF-C,11.54,-,3.50,26.5,30.0
2006,Torin Francis,PF-C,11.97,-,3.51,26.5,32.0
2006,Tyrus Thomas,PF-SF,11.36,-,3.20,34.0,39.5
2006,Viktor Keyru,SG-PG,11.40,-,3.24,29.0,34.5
2006,Will Blalock,PG,11.08,-,3.18,35.0,40.0
2006,Yemi Nicholson,PF-C,12.57,-,3.65,26.5,26.0
2005,Aaron Miles,PG,10.69,-,3.22,32.0,37.5
2005,Alan Anderson,SG-SF,10.32,-,3.27,26.5,30.5
2005,Alex Acker,SG,11.67,-,3.35,28.0,32.0
2005,Andrew Bogut,C-PF,12.06,-,3.51,27.5,33.5
2005,Anthony Roberson,PG,11.17,-,3.19,31.5,37.0
2005,Antoine Wright,SF-SG,11.45,-,3.41,26.5,29.5
2005,Bracey Wright,SG-PG,11.58,-,3.27,30.0,36.0
2005,Brandon Rush,SG-SF,11.33,-,3.31,32.5,35.0
2005,Carl Krauser,PG-SG,11.62,-,3.38,26.0,31.0
2005,Carlos Powell,SF-PF,11.54,-,3.21,27.5,34.5
2005,Channing Frye,PF-C,11.60,-,3.38,27.5,31.0
2005,Charles Hayes,SF-PF,10.70,-,3.34,30.0,33.0
2005,Charlie Villanueva,PF-SF,10.86,-,3.30,26.0,31.0
2005,Chris Paul,PG,11.09,-,3.22,32.0,38.0
2005,Chris Taft,PF,11.26,-,3.27,28.5,33.0
2005,Chris Thomas,PG,10.84,-,3.33,28.5,34.0
2005,D'Or Fischer,C-PF,12.53,-,3.50,28.0,30.5
2005,Danny Granger,,10.84,-,3.34,31.0,34.0
2005,Daryl Dorsey,PG,11.41,-,3.24,25.0,30.5
2005,David Lee,PF,10.80,-,3.19,30.5,32.5
2005,David Lucas,PF,-,-,-,-,-
2005,David Simon,C-PF,11.98,-,3.44,28.0,33.0
2005,Dee Brown,PG-SG,-,-,-,-,-
2005,Deji Akindele,C-PF,12.58,-,3.35,30.5,32.5
2005,Deng Gai,PF-C,12.51,-,3.27,31.5,35.5
2005,Deron Williams,PG,10.83,-,3.25,30.0,35.0
2005,Dijon Thompson,SF-SG,-,-,-,-,-
2005,Drago Pasalic,SF-PF,12.12,-,3.48,25.0,30.5
2005,Dwayne Jones,C-PF,11.87,-,3.25,28.0,31.5
2005,Eddie Basden,SG-SF,10.52,-,3.21,33.0,36.5
2005,Eddy Fobbs,C-PF,11.53,-,3.28,29.5,34.0
2005,Ellis Myles,PF,12.80,-,3.42,26.0,28.5
2005,Ersan Ilyasova,SF,11.59,-,3.56,22.0,30.0
2005,Francisco Garcia,SF-SG,10.63,-,3.33,27.5,31.5
2005,Gerald Green,SF,11.20,-,3.21,31.5,39.0
2005,Hakim Warrick,PF-SF,-,-,3.22,33.0,38.0
2005,Ike Diogu,PF,11.94,-,3.45,28.0,31.0
2005,Ivan McFarlin,PF,10.64,-,3.27,26.5,32.0
2005,Jared Homan,C-PF,-,-,-,-,-
2005,Jarrett Jack,PG,10.87,-,3.24,26.0,28.5
2005,Jason Klotz,C-PF,13.13,-,3.68,21.5,27.0
2005,Jason Maxiell,PF,-,-,-,-,-
2005,Jawad Williams,SF,11.39,-,3.23,28.0,34.0
2005,Joey Graham,SF,10.62,-,3.05,30.0,36.0
2005,John Gilchrist,PG,11.48,-,3.15,30.5,36.5
2005,John Lucas III,PG,10.44,-,3.14,29.0,34.0
2005,Juan Mendez,PF-SF,11.70,-,3.24,29.0,33.0
2005,Julius Hodge,SG-SF,10.89,-,3.18,24.5,29.0
2005,Keith Langford,SG-SF,11.38,-,3.23,32.0,29.5
2005,Kevin Pittsnogle,PF,-,-,-,-,-
2005,Larry O'Bannon,SG,11.44,-,3.18,31.5,36.5
2005,Luke Schenscher,C,12.40,-,3.47,23.5,26.5
2005,Luther Head,PG-SG,11.12,-,3.21,31.5,38.5
2005,Marcin Gortat,PF-C,11.48,-,3.33,29.5,36.0
2005,Marcus Campbell,C,-,-,-,-,-
2005,Martell Webster,SF,11.39,-,3.39,28.0,30.5
2005,Martynas Andriuskevicius,C-PF,11.94,-,3.42,24.0,27.5
2005,Marvin Williams,PF-SF,11.11,-,3.17,29.5,35.0
2005,Mike Bell,SF-PF,11.73,-,3.29,33.5,39.5
2005,Mindaugas Katelynas,SF-PF,11.60,-,3.38,31.5,35.0
2005,Monta Ellis,SG-PG,12.13,-,3.31,26.5,31.5
2005,Mustafa Al-Sayyad,PF-C,11.56,-,3.42,26.5,30.5
2005,Nemanja Aleksandrov,PF-SF,-,-,-,-,-
2005,Omar Thomas,SF-SG,11.11,-,3.27,25.0,29.5
2005,Rashad McCants,SG,10.39,-,3.11,32.5,34.5
2005,Rawle Marshall,SG-SF,11.64,-,3.21,30.5,37.0
2005,Raymond Felton,PG,10.50,-,3.06,29.0,33.5
2005,Robert Whaley,PF-C,12.11,-,3.25,28.5,33.5
2005,Roger Powell,SF,-,-,-,-,-
2005,Ronnie Price,PG,10.49,-,3.29,31.5,39.0
2005,Ronny Turiaf,PF,11.50,-,3.23,30.5,33.0
2005,Rudy Fernandez,SG,10.48,-,3.33,26.5,35.5
2005,Sean Banks,SF,11.74,-,3.35,25.0,31.5
2005,Sean May,PF,11.04,-,3.29,30.0,33.0
2005,Sharrod Ford,PF,11.92,-,3.20,28.5,37.0
2005,Taylor Coppenrath,PF-SF,11.51,-,3.44,24.5,27.0
2005,Travis Diener,PG-SG,10.85,-,3.26,24.5,31.0
2005,Tre Simmons,SG-SF,10.80,-,3.18,27.0,31.5
2005,Wayne Simien,PF,11.05,-,3.35,27.0,27.5
2005,Will Bynum,PG-SG,11.12,-,3.00,33.0,40.5
2005,Will Conroy,PG,10.51,-,3.28,30.5,36.5
2004,Aerick Sanders,PF,11.98,-,3.37,24.5,30.5
2004,Al Jefferson,PF-SF,13.08,-,3.29,28.5,30.0
2004,Aleksandar Capin,PG,11.50,-,3.27,23.0,29.0
2004,Ales Chan,C,12.90,-,3.62,21.0,29.0
2004,Andre Barrett,PG,10.63,-,3.08,29.0,34.5
2004,Andre Brown,PF-C,11.70,-,3.22,32.0,35.5
2004,Andre Emmett,SG-SF,-,-,-,-,-
2004,Andre Iguodala,SG-SF,11.17,-,3.18,30.5,34.5
2004,Andris Biedrins,C,-,-,-,-,-
2004,Antonio Burks,PG,-,-,-,-,-
2004,Arthur Johnson,PF-C,11.81,-,3.38,26.5,28.5
2004,Ben Gordon,PG-SG,11.28,-,3.19,31.5,37.5
2004,Beno Udrih,PG,-,-,-,-,-
2004,Bernard Robinson,SG-SF,10.91,-,3.17,28.5,34.5
2004,Blagota Sekulic,SF-PF,10.93,-,3.39,23.5,31.5
2004,Blake Stepp,PG,-,-,-,-,-
2004,Brandon Bass,PF,11.61,-,3.24,31.5,33.0
2004,Brian Boddicker,SF-PF,10.93,-,3.25,28.0,30.0
2004,Bryant Matthews,SF-SG,11.08,-,3.13,29.0,34.5
2004,Chris Duhon,PG,10.45,-,3.14,31.5,35.0
2004,Chris Garnett,C-PF,11.75,-,3.36,27.0,31.5
2004,Damien Wilkins,SG-SF,11.92,-,3.15,26.5,31.0
2004,Delonte West,PG-SG,11.20,-,3.15,30.0,35.0
2004,Desmon Farmer,SG,10.89,-,3.20,24.0,31.0
2004,Devin Harris,PG,11.03,-,3.19,30.5,37.0
2004,Drago Pasalic,PF,12.97,-,3.56,25.5,30.0
2004,Dwight Howard,PF-C,11.21,-,3.14,30.5,35.5
2004,Dylan Page,SF,10.99,-,3.40,26.0,30.0
2004,Emeka Okafor,C-PF,12.32,-,3.15,31.5,34.0
2004,Erik Daniels,SF-PF,11.38,-,3.19,31.0,32.0
2004,Herve Lamizana,SF-PF,-,-,-,-,-
2004,Ivan Koljevic,PG,11.07,-,3.28,26.0,28.5
2004,J.R. Smith,SG-SF,10.93,-,3.21,29.0,35.5
2004,Jackie Butler,C,13.32,-,3.40,23.0,25.0
2004,Jackson Vroman,PF-C,10.75,-,3.25,29.5,33.5
2004,Jaime Lloreda,PF,12.93,-,3.23,25.5,29.5
2004,Jameer Nelson,PG,10.95,-,3.14,28.5,33.5
2004,James Moore,PF-SF,11.01,-,3.21,28.5,32.5
2004,Jared Reiner,C-PF,12.65,-,3.56,22.0,26.0
2004,John Edwards,C,-,-,-,-,-
2004,Josh Childress,SG-SF,11.95,-,3.38,29.0,36.0
2004,Josh Smith,SG-SF,11.43,-,3.24,32.5,39.5
2004,Kelvin Pena,SG-PG,11.50,-,3.24,27.5,32.5
2004,Kirk Snyder,SG-SF,10.79,-,3.13,30.0,35.0
2004,Kris Humphries,PF,11.33,-,3.20,29.5,36.0
2004,Lawrence Roberts,PF,12.52,-,3.30,27.5,33.0
2004,Luis Flores,PG-SG,10.97,-,3.10,29.0,32.0
2004,Luke Jackson,SF-SG,11.10,-,3.24,26.5,36.0
2004,Luol Deng,SF,11.46,-,3.34,27.5,31.5
2004,Marcus Douthit,C-PF,11.64,-,3.34,25.5,31.5
2004,Marcus Melvin,SF-PF,11.81,-,3.33,25.0,30.5
2004,Marcus Moore,PG-SG,11.31,-,3.34,25.0,30.0
2004,Marko Tomas,SG-PG,11.80,-,3.23,32.0,31.5
2004,Martin Iti,C-PF,12.28,-,3.41,26.5,32.5
2004,Matt Freije,SF-PF,11.15,-,3.25,29.5,31.0
2004,Michel Morandais,SG-SF,11.45,-,3.22,30.5,33.5
2004,Mike Williams,SF,11.59,-,3.42,23.5,27.5
2004,Misan Nikagbatse,SG-PG,11.27,-,3.32,27.5,32.5
2004,Nate Robinson,PG,10.75,-,2.96,35.5,43.5
2004,Nate Williams,PF-SF,12.60,-,3.35,23.5,26.0
2004,Omar Quintero,PG,11.37,-,3.25,25.0,29.0
2004,Pape Sow,PF-C,12.13,-,3.27,28.0,31.5
2004,Peter Ramos,C,12.61,-,3.60,24.0,26.5
2004,Randall Orr,PF-SF,11.18,-,3.27,26.5,33.0
2004,Rashad Wright,PG,11.15,-,3.28,28.5,32.5
2004,Rich Melzer,PF-SF,11.74,-,3.39,24.5,28.5
2004,Rickey Paulding,SG,11.14,-,3.17,30.0,36.0
2004,Ricky Minard,PG-SG,10.94,-,3.10,27.5,33.0
2004,Rolando Howell,PF,11.91,-,3.28,28.5,34.5
2004,Romain Sato,SG,11.27,-,3.18,31.5,35.5
2004,Ryan Gomes,SF-PF,12.49,-,3.24,26.5,30.5
2004,Sergei Lishouk,PF-SF,-,-,-,-,-
2004,Shaun Livingston,PG-SG,10.72,-,3.23,26.5,30.0
2004,TJ Cummings,SF,11.58,-,3.12,27.0,31.0
2004,Tiago Splitter,C-PF,11.65,-,3.38,26.0,31.5
2004,Tim Bowers,PG-SG,11.24,-,3.21,37.0,43.5
2004,Tim Pickett,PG-SG,-,-,-,-,-
2004,Tom Timmerrmans,PF-C,13.13,-,3.63,23.0,26.5
2004,Tony Allen,SG,10.70,-,3.19,31.5,36.5
2004,Tony Bobbitt,SG,-,-,-,-,-
2004,Trevor Ariza,SG-SF,11.63,-,3.29,29.5,32.0
2003,Aleksander Djuric,C-PF,11.97,-,3.65,23.5,27.5
2003,Aloysius Anagonye,PF,12.93,-,3.30,31.0,34.5
2003,Bernard King,SG-PG,11.37,-,3.18,28.0,33.5
2003,Brandin Knight,PG,-,-,-,-,-
2003,Brandon Hunter,PF,11.13,-,3.21,32.5,35.0
2003,Brian Cook,PF-SF,11.87,-,3.45,25.0,29.0
2003,Britton Johnsen,SF-PF,10.67,-,3.08,26.5,32.5
2003,Carl English,SG-PG,11.77,-,3.32,28.0,34.0
2003,Carmelo Anthony,SF,11.40,-,3.15,30.5,33.5
2003,Chris Bosh,PF,11.80,-,3.30,30.5,33.0
2003,Chris Kaman,C-PF,11.33,-,3.37,23.5,30.5
2003,Chris Marcus,C,-,-,-,-,-
2003,Chris Massie,PF-C,12.48,-,3.22,26.5,33.0
2003,Dahntay Jones,SG-SF,10.91,-,3.11,30.0,39.5
2003,Darko Milicic,PF,11.30,-,3.36,26.5,32.5
2003,David West,PF-SF,12.18,-,3.43,28.5,31.5
2003,Derrick Zimmerman,PG,11.09,-,3.10,34.0,40.5
2003,Donald Little,PF-C,11.18,-,3.20,33.0,37.0
2003,Doug Wrenn,SF-PF,11.38,-,3.17,34.5,41.0
2003,Dwyane Wade,SG-SF,10.56,-,3.08,31.5,35.0
2003,Ebi Ere,SG,11.38,-,3.16,29.5,33.5
2003,Hollis Price,PG-SG,10.72,-,3.25,27.5,33.0
2003,James Jones,SF,11.18,-,3.19,30.5,33.0
2003,James Lang,C-PF,14.01,-,3.55,24.5,32.0
2003,Jason Gardner,PG,10.62,-,3.17,30.5,35.0
2003,Jason Kapono,SG-SF,11.04,-,3.38,23.5,30.0
2003,Jason Keep,C-PF,11.18,-,3.30,29.5,34.0
2003,Jeff Newton,PF,11.18,-,3.23,27.5,34.0
2003,Jermaine Boyette,PG-SG,11.20,-,3.07,29.0,35.5
2003,Jerome Beasley,SF-PF,11.36,-,3.25,27.0,32.0
2003,Jerry Holman,PF,11.54,-,3.24,33.0,37.5
2003,Joe Shipp,SG,11.75,-,3.20,29.0,34.5
2003,Joel Cornette,PF-SF,11.27,-,3.14,26.0,32.5
2003,Josh Howard,SF-SG,10.89,-,3.09,33.0,36.5
2003,Josh Powell,PF-SF,11.72,-,3.20,32.5,38.5
2003,Justin Hamilton,PG-SG,11.18,-,3.18,30.0,37.5
2003,Keith Bogans,SG,11.43,-,3.25,29.5,35.0
2003,Kirk Hinrich,PG-SG,10.98,-,3.10,29.0,33.5
2003,Kirk Penney,SG-SF,10.44,-,3.04,32.0,35.5
2003,Kyle Korver,SF,11.42,-,3.47,25.5,31.5
2003,LaVell Blanchard,SF,11.64,-,3.38,33.5,36.5
2003,LeBron James,SF-SG,-,-,-,-,-
2003,Luke Ridnour,PG,11.00,-,3.28,26.0,32.5
2003,Luke Walton,SF-PF,-,-,-,28.0,-
2003,Marcus Hatten,PG,11.50,-,3.15,29.5,37.5
2003,Marlon Parmer,PG,-,-,3.42,28.0,32.0
2003,Marquis Daniels,SG-PG,11.62,-,3.25,30.5,35.0
2003,Marquis Estill,PF-C,12.92,-,3.31,30.0,36.0
2003,Marvin Stone,C-PF,12.10,-,3.50,25.5,27.5
2003,Matt Bonner,PF-SF,11.52,-,3.32,27.0,32.0
2003,Matt Carroll,SG-SF,11.11,-,3.35,29.0,33.5
2003,Michael Ignerski,PF-SF,11.21,-,3.13,26.5,33.0
2003,Michael Sweetney,PF,12.90,-,3.28,26.0,31.5
2003,Mo Williams,PG-SG,-,-,-,-,-
2003,Nick Collison,PF,11.62,-,3.28,28.0,33.0
2003,Pavel Podkolzin,C,13.40,-,3.80,19.5,22.5
2003,Rick Anderson,SF-PF,11.23,-,3.40,26.0,30.5
2003,Robert Jackson,PF-C,11.26,-,3.25,23.5,26.0
2003,Ron Slay,SF-PF,12.01,-,3.43,28.5,31.5
2003,Ronald Dupree,SF-SG,11.09,-,3.23,37.5,41.5
2003,Ruben Douglas,SG,11.95,-,3.27,28.5,35.0
2003,Sam Hoskin,PF,-,-,-,-,-
2003,Sani Ibrahim,C-PF,13.02,-,3.40,26.0,30.5
2003,Sasha Vujacic,PG-SG,-,-,-,-,-
2003,Souleymane Camara,PF-SF,11.51,-,3.20,28.5,34.5
2003,Stephane Pelle,PF-SF,11.37,-,3.27,28.5,33.0
2003,T.J. Ford,PG,11.45,-,3.20,32.5,39.5
2003,Theron Smith,PF-SF,10.99,-,3.10,28.5,32.0
2003,Tommy Smith,PF-SF,11.54,-,3.14,30.0,33.0
2003,Travis Hansen,SG,10.72,-,3.18,31.5,35.0
2003,Trevor Harvey,C-PF,11.85,-,3.32,29.5,32.0
2003,Troy Bell,PG,10.89,-,3.06,34.5,41.0
2003,Uche Nsonwu-Amadi,PF-C,11.83,-,3.25,27.5,29.0
2003,Ugonna Okyekwe,SF,11.43,-,3.20,32.0,36.5
2003,Wayne Wallace,PF,11.85,-,3.24,29.5,36.0
2003,Wesley Wilson,C-PF,12.19,-,3.30,27.0,30.5
2003,Will McDonald,C-PF,11.83,-,3.42,25.0,32.5
2003,Willie Green,SG-PG,11.86,-,3.19,28.5,28.5
2002,Aaron McGhee,PF-SF,12.24,-,-,26.0,28.5
2002,Amar'e Stoudemire,PF,11.19,-,3.25,32.0,35.5
2002,Andy Ellis,PF,11.69,-,3.34,32.0,35.5
2002,Anthony Grundy,PG-SG,11.10,-,3.39,27.5,32.0
2002,Brian Brown,PG-SG,11.43,-,3.29,26.0,33.0
2002,Brooks Sales,PF-C,11.05,-,3.29,26.0,29.5
2002,Byron Mouton,SG-SF,11.84,-,3.10,24.0,30.0
2002,Carlos Boozer,PF,10.77,-,3.31,26.5,28.5
2002,Caron Butler,SF-SG,12.15,-,3.33,27.0,31.0
2002,Chris Burgess,C,11.58,-,3.37,24.5,31.0
2002,Chris Christoffersen,C,12.55,-,3.39,28.0,31.0
2002,Chris Massie,PF,-,-,-,-,-
2002,Chris Owens,PF-SF,-,-,-,-,-
2002,Chris Wilcox,PF-C,11.43,-,3.16,31.0,34.5
2002,Cordell Henry,PG,11.30,-,3.04,33.0,37.5
2002,Corsley Edwards,PF,12.18,-,3.31,28.5,33.0
2002,Craig Dawson,SG-SF,12.06,-,3.25,26.0,30.0
2002,Curtis Borchardt,C,12.56,-,3.63,24.0,27.0
2002,Dajuan Wagner,PG-SG,12.03,-,3.22,28.0,35.0
2002,Damon Hancock,SG-PG,11.62,-,3.03,32.0,35.0
2002,Darius Songaila,PF,11.69,-,3.52,24.5,29.5
2002,David Graves,SG,11.20,-,3.27,26.0,29.5
2002,Drew Gooden,PF,11.81,-,3.19,29.0,33.0
2002,Elvin Mims,SF-SG,11.17,-,3.22,32.0,38.0
2002,Frank Williams,PG,11.73,-,3.29,26.0,31.0
2002,Fred Jones,SG,11.12,-,3.13,33.5,37.5
2002,George Williams,PF-SF,11.21,-,3.24,33.5,39.0
2002,Greg Harrington,PG,12.06,-,3.32,28.5,34.0
2002,Immanuel McElroy,SG,-,-,-,-,-
2002,Israel Sheinfeld,PF-C,-,-,-,-,-
2002,J.R. Bremer,SG-PG,10.93,-,3.10,30.0,35.5
2002,Jannero Pargo,PG,11.11,-,3.20,25.5,29.5
2002,Jared Jeffries,PF,11.73,-,3.40,26.0,30.0
2002,Jason Jennings,C,11.92,-,3.62,29.0,32.0
2002,Jay Williams,PG,10.34,-,3.09,28.5,36.0
2002,Jobey Thomas,SG,11.46,-,3.30,26.0,32.0
2002,John Salmons,SF-SG,11.35,-,3.25,30.5,34.5
2002,Julian Sensley,PF-SF,11.85,-,3.32,27.5,31.5
2002,Kareem Rush,SG-SF,11.86,-,3.22,26.0,30.0
2002,Kei Madison,SF,11.74,-,3.22,27.5,34.5
2002,Kevin Lyde,C-PF,12.97,-,3.36,27.5,30.5
2002,Kris Lang,C-PF,11.36,-,3.24,28.0,29.0
2002,Lee Benson,SF-PF,11.44,-,3.29,27.5,32.5
2002,Lenny Cooke,SG-SF,-,-,-,-,-
2002,Lonnie Jones,C-PF,11.80,-,3.33,30.5,31.5
2002,Lonny Baxter,PF-C,11.77,-,3.21,28.0,32.5
2002,Lubos Barton,SF-SG,11.20,-,3.31,25.5,31.5
2002,Luke Recker,SG-SF,10.78,-,3.27,25.5,31.0
2002,Lynn Greer,PG,11.24,-,3.16,29.5,36.5
2002,Marcus Haislip,PF,11.35,-,3.21,33.5,36.5
2002,Marcus Taylor,PG,11.25,-,3.31,27.5,33.5
2002,Mario Kasun,C,-,-,-,-,-
2002,Matt Barnes,SF,10.68,-,3.28,35.5,40.5
2002,Maurice Baker,PG,12.19,-,3.29,29.5,33.0
2002,Melvin Ely,PF,11.96,-,3.35,26.0,29.0
2002,Mike Dunleavy,SF,11.55,-,3.30,24.5,29.0
2002,Mire Chatman,PG-SG,11.12,-,3.18,29.0,33.0
2002,Muhammed Lasege,C-PF,12.96,-,3.29,27.5,30.0
2002,Nene,PF,10.73,-,3.19,30.0,34.0
2002,Peter Fehse,PF-C,-,-,-,-,-
2002,Predrag Savovic,SG,10.94,-,3.38,22.5,28.5
2002,Preston Shumpert,SF,11.03,-,3.24,28.5,29.0
2002,Qyntel Woods,SF-SG,11.94,-,3.23,33.5,34.5
2002,Randy Holcomb,SF-PF,12.85,-,3.22,29.5,35.5
2002,Rasual Butler,SF,11.54,-,3.29,31.5,37.5
2002,Reggie Evans,PF,12.73,-,3.26,26.0,29.5
2002,Robert Archibald,PF-C,11.34,-,3.33,24.0,27.5
2002,Rod Grizzard,SF-SG,-,-,-,-,-
2002,Rolan Roberts,PF,11.36,-,3.33,32.5,37.5
2002,Ronald Murray,SG,11.13,-,3.16,31.0,36.5
2002,Ryan Humphrey,PF-SF,11.75,-,3.20,31.5,37.5
2002,Sean Kennedy,PG,11.64,-,3.28,22.5,26.5
2002,Smush Parker,PG-SG,12.30,-,3.26,21.0,28.5
2002,Steve Logan,PG,-,-,-,-,-
2002,Sylvere Bryan,PF,12.03,-,3.20,28.5,29.5
2002,Tamar Slay,SF,10.94,-,3.09,32.5,38.0
2002,Teddy Dupay,PG,10.53,-,3.19,28.0,33.0
2002,Tito Maddox,PG,12.20,-,3.24,27.0,32.5
2002,Travis Robinson,SF,11.96,-,3.43,26.0,33.0
2002,Uche Okafor,PF-C,14.45,-,3.34,24.5,25.0
2002,Udonis Haslem,PF,11.80,-,3.31,28.5,33.5
2002,Vincent Yarbrough,SF,11.70,-,3.32,30.0,34.0
2001,Adam Allenspach,C,11.90,-,3.40,28.5,31.0
2001,Alton Ford,PF,11.70,-,3.16,34.5,36.5
2001,Andre Hutson,PF,11.25,-,3.30,29.0,32.5
2001,Anthony Evans,PF,12.56,-,3.31,31.5,33.0
2001,Benjamin Eze,C-PF,13.05,-,3.36,29.0,32.0
2001,Bobby Simmons,SF,11.69,-,3.41,27.5,34.0
2001,Brandon Armstrong,SG,10.91,-,3.20,30.0,37.0
2001,Brendan Haywood,C,12.87,-,3.50,27.0,28.5
2001,Brent Wright,PF-SF,12.25,-,3.30,23.0,29.0
2001,Brian Scalabrine,PF-SF,11.75,-,3.47,27.0,30.5
2001,Calvin Bowman,PF,11.96,-,3.21,28.5,34.5
2001,Charles Hathaway,C,-,-,-,-,-
2001,Charlie Bell,PG,10.59,-,3.12,31.5,38.0
2001,Cookie Belcher,SG-PG,11.26,-,2.91,35.0,41.5
2001,Damone Brown,SF,11.81,-,3.27,32.0,37.0
2001,Damone Thornton,PF,11.17,-,3.20,33.5,37.5
2001,Darrell Johns,C,12.41,-,3.59,23.5,30.0
2001,Darren Kelly,SG-PG,11.38,-,3.21,30.5,34.5
2001,DeMarcus Minor,SG,10.57,-,3.15,29.0,41.0
2001,DeSagana Diop,C,12.37,-,3.56,21.5,25.5
2001,Demetrius Porter,PG,11.50,-,3.34,26.0,31.0
2001,Earl Watson,PG,10.97,-,3.19,32.5,37.5
2001,Eddie Griffin,PF-SF,11.77,-,3.21,26.5,33.0
2001,Eddy Curry,C,12.25,-,3.53,28.0,31.0
2001,Eric Chenowith,C,12.50,-,3.59,23.5,27.5
2001,Gilbert Arenas,SG,-,-,3.25,31.5,36.0
2001,Greg Stevenson,SF,11.29,-,3.23,30.0,35.5
2001,Gyasi Cline-Heard,PF,11.40,-,3.23,31.5,34.5
2001,Horace Jenkins,PG,10.97,-,3.10,34.5,41.0
2001,Jamaal Tinsley,PG,11.96,-,3.20,28.0,37.5
2001,Jamario Moon,SF,11.64,-,3.08,33.0,43.0
2001,Jamison Brewer,PG,9.65,-,3.15,26.0,32.5
2001,Jarron Collins,C-PF,11.65,-,3.60,23.0,29.0
2001,Jason Collins,PF-C,12.10,-,3.54,25.5,28.5
2001,Jason Gardner,PG,10.88,-,2.92,34.5,40.0
2001,Jason Richardson,SF-SG,11.75,-,3.12,32.5,39.5
2001,Jerry Green,PG-SG,11.70,-,3.17,28.5,35.0
2001,Jeryl Sasser,PG-SG,11.47,-,3.22,29.0,34.0
2001,Joe Johnson,SF-SG,12.05,-,3.40,32.5,36.5
2001,Joseph Forte,SG,11.51,-,3.19,26.5,33.0
2001,Ken Johnson,C,11.27,-,3.12,32.5,35.0
2001,Kenny Gregory,SF,11.33,-,3.10,39.5,45.5
2001,Kenny Satterfield,PG,12.05,-,3.20,28.5,33.0
2001,Kimani Ffriend,C-PF,11.46,-,3.09,32.0,33.0
2001,Kirk Haston,PF-SF,12.25,-,3.35,27.0,31.5
2001,Kwame Brown,PF-C,11.59,-,3.45,30.0,33.0
2001,Lazaros Papadopoulos,C-PF,12.00,-,3.70,23.0,26.0
2001,Lee Scruggs,PF-SF,13.28,-,3.55,23.5,29.5
2001,Loren Woods,C-PF,11.83,-,3.48,24.5,28.0
2001,Martin Rancik,PF-SF,10.77,-,3.19,32.0,37.0
2001,Maurice Evans,SG,10.08,-,3.12,34.5,37.5
2001,Michael Bradley,PF,11.11,-,3.35,27.0,30.0
2001,Michael Hicks,SG,11.38,-,3.19,33.0,40.5
2001,Michael Wright,PF,11.37,-,3.21,27.5,33.5
2001,Mike Mardesich,C-PF,11.65,-,3.45,24.0,30.0
2001,Nate James,SF,11.42,-,3.31,26.0,31.0
2001,Norman Richardson,SG,10.97,-,3.15,30.5,35.5
2001,Omar Cook,PG,10.77,-,3.20,31.0,35.5
2001,Rashad Phillips,PG,11.93,-,3.27,27.0,32.0
2001,Richard Jefferson,SF,11.19,-,3.15,33.0,38.5
2001,Robb Dryden,C,12.47,-,3.46,27.0,30.0
2001,Rodney White,SF,12.07,-,3.47,27.5,33.0
2001,Ruben Boumtje-Boumtje,C,11.84,-,3.33,26.5,31.0
2001,Ryan Carroll,SF-SG,11.00,-,3.10,34.5,39.0
2001,Sam Clancy,PF,11.47,-,3.13,31.0,34.0
2001,Sean Lampley,SF,11.06,-,3.12,36.0,40.0
2001,Shane Battier,SF-PF,10.95,-,3.30,29.5,33.0
2001,SirValiant Brown,PG,11.23,-,3.00,31.0,39.5
2001,Souleymane Wane,C,12.02,-,3.46,29.0,30.5
2001,Steven Hunter,C-PF,11.99,-,3.15,30.5,38.5
2001,Tate Decker,SF,12.19,-,3.47,25.5,28.5
2001,Tory Walker,SF,11.95,-,3.25,28.0,33.0
2001,Trenton Hassell,SG-SF,11.57,-,3.29,35.5,37.5
2001,Troy Murphy,PF,11.22,-,3.43,28.5,34.5
2001,Troy Ostler,PF-SF,13.42,-,3.50,26.5,29.5
2001,Tyson Chandler,SF-PF,12.13,-,3.36,31.0,33.5
2001,Will Solomon,PG-SG,11.30,-,3.22,28.5,35.0
2001,Zach Marbury,PG-SG,11.53,-,3.10,33.0,36.5
2000,A.J. Granger,SF,10.73,-,3.25,30.0,34.0
2000,A.J. Guyton,PG-SG,10.55,-,3.22,33.0,37.5
2000,Alex Scales,SG-PG,10.98,-,3.21,38.5,42.5
2000,Antonis Fotsis,SF,11.60,-,3.44,27.0,30.0
2000,Aubrey Reese,PG,11.13,-,3.25,31.5,37.5
2000,Bootsy Thornton,SG,12.08,-,3.33,26.5,31.0
2000,Brandon Kurtz,PF-C,-,-,-,-,-
2000,Brian Montonati,PF,11.85,-,3.53,25.0,29.0
2000,Caswell Cyrus,PF,12.12,-,3.16,33.5,37.5
2000,Ceedric Goodwyn,SF-PF,-,-,-,-,-
2000,Chris Porter,SF-PF,10.93,-,3.20,28.5,35.0
2000,Cory Hightower,SG-SF,11.92,-,3.37,29.5,34.5
2000,Damon Reed,PF-C,11.21,-,3.31,27.5,31.5
2000,Dan Langhi,SF,10.85,-,3.24,31.0,34.5
2000,Dan McClintock,C-PF,11.52,-,3.33,33.0,35.0
2000,Donnell Harvey,PF,11.23,-,-,33.0,32.5
2000,Ed Cota,PG,10.98,-,3.24,26.5,33.5
2000,Eddie Gill,PG,11.12,-,3.18,35.0,38.5
2000,Eddie House,SG-PG,11.12,-,3.27,29.5,38.5
2000,Eduardo Najera,PF-SF,11.38,-,3.45,28.0,35.0
2000,Eric Coley,SG-SF,11.40,-,3.15,35.0,38.0
2000,Ernest Brown,C,-,-,-,-,-
2000,Gabe Muoneke,PF-SF,11.00,-,3.40,30.5,34.0
2000,Harold Arceneaux,SG-SF,13.80,-,-,-,29.0
2000,Igor Rakocevic,PG,10.40,-,3.10,27.5,34.0
2000,Jabari Smith,PF-C,12.45,-,3.43,24.5,30.0
2000,Jacob Jaacks,PF,11.48,-,3.58,26.0,32.0
2000,Jamal Crawford,PG-SG,-,-,-,-,-
2000,Jameel Watkins,PF-C,12.38,-,3.45,28.0,30.5
2000,Jaquay Walls,PG,10.75,-,3.23,28.5,35.5
2000,Jarrett Stephens,PF,11.98,-,3.46,27.0,29.0
2000,Jason Hart,PG,11.70,-,3.34,29.5,33.5
2000,Jimmie Hunter,SG-PG,11.23,-,3.35,29.0,36.0
2000,Johnny Hemsley,SG-SF,11.50,-,3.19,31.5,35.0
2000,Julius Doc Robinson,PG,12.54,-,3.41,30.0,37.5
2000,Justin Love,PG-SG,10.99,-,3.31,31.0,38.5
2000,Karim Shabazz,C,12.72,-,3.36,24.5,28.0
2000,Kenyon Jones,PF-C,12.44,-,3.60,28.5,30.0
2000,Khalid El-Amin,PG,10.59,-,3.32,27.5,32.0
2000,Lamont Barnes,PF-C,12.30,-,3.40,28.0,29.5
2000,Lavor Postell,SG,11.79,-,3.30,33.5,36.5
2000,Malik Allen,PF-C,11.83,-,3.38,25.5,29.0
2000,Marcus Goree,SF-PF,12.00,-,3.25,29.5,33.5
2000,Mario Bland,PF,13.04,-,3.47,27.0,31.0
2000,Mark Karcher,SG,11.51,-,3.40,27.5,30.5
2000,Mark Madsen,PF,12.12,-,3.46,30.5,33.5
2000,Marko Jaric,SG-SF,11.32,-,3.28,27.5,33.0
2000,Matt Santangelo,PG,10.66,-,3.06,33.5,43.0
2000,Matthew Nielsen,PF,11.28,-,3.35,26.0,29.0
2000,Michael Hermon,SG-PG,11.79,-,3.25,29.0,33.0
2000,Michael Redd,SG-SF,12.06,-,3.34,27.0,31.0
2000,Mike Smith,SF,11.32,-,3.22,33.0,21.0
2000,Nate Johnson,SF,11.90,-,3.33,27.0,33.5
2000,Ndongo N'diaye,C,13.16,-,3.69,24.5,27.5
2000,Nick Sheppard,PF-C,12.14,-,3.52,23.5,25.5
2000,Pepe Sanchez,PG,11.62,-,3.44,26.0,31.0
2000,Pete Mickeal,SG-SF,10.83,-,3.06,28.0,34.5
2000,Primoz Brezec,C,11.53,-,3.55,26.0,29.5
2000,Reed Rawlings,SG-SF,11.10,-,3.27,28.5,33.5
2000,Ron Hale,SG-SF,12.58,-,3.20,29.5,34.5
2000,Schea Cotton,SF,11.55,-,3.00,34.0,38.0
2000,Shaheen Holloway,PG,11.22,-,3.32,-,-
2000,Speedy Claxton,PG,10.48,-,3.06,36.0,42.5
2000,Terrance Roberson,SF,11.66,-,-,29.0,32.5
2000,Vassil Evtimov,PF,11.75,-,3.52,21.0,28.5
